year,week,SMN,SMT,VCI,TCI,VHI
1982,1,0.131,309.51,25.33,38.84,32.08
1982,2,0.124,310.16,22.46,41.26,31.86
1982,3,0.119,310.91,20.7,44.67,32.68
1982,4,0.115,311.66,20.21,47.73,33.97
1982,5,0.114,312.33,20.6,50.71,35.65
1982,6,0.111,312.76,20.51,55.71,38.11
1982,7,0.109,313.09,21.73,60.48,41.11
1982,8,0.108,313.33,24.45,63.9,44.17
1982,9,0.107,313.32,27.98,67.32,47.65
1982,10,0.109,313.21,31.95,65.23,48.59
1982,11,0.109,312.81,34.71,61.27,47.99
1982,12,0.109,311.93,36.87,59.25,48.06
1982,13,0.109,310.41,39.57,60.5,50.03
1982,14,0.112,308.1,40.99,67.08,54.04
1982,15,0.118,305.29,42.66,73.38,58.02
1982,16,0.132,302.96,48.96,79.44,64.2
1982,17,0.148,301.12,55.49,82.97,69.23
1982,18,0.16,299.66,59.08,84.7,71.89
1982,19,0.167,298.67,60.28,85.32,72.8
1982,20,0.167,298.08,59.52,82.21,70.86
1982,21,0.161,297.97,57.3,75.59,66.45
1982,22,0.15,298.36,53.85,64.29,59.07
1982,23,0.136,299.17,49.66,50.74,50.2
1982,24,0.122,300.15,46.49,39.66,43.08
1982,25,0.109,300.67,45.07,32.84,38.95
1982,26,0.096,300.48,43.57,33.07,38.32
1982,27,0.086,300.61,41.44,33.48,37.46
1982,28,0.078,300.94,39.07,33.08,36.07
1982,29,0.072,301.14,37.54,34.41,35.97
1982,30,0.063,300.67,32.55,40.61,36.58
1982,31,0.054,300.14,27.9,46.95,37.42
1982,32,0.052,300.5,27.18,47.28,37.23
1982,33,0.051,301.11,26.11,46.48,36.3
1982,34,0.051,301.55,26.17,46.83,36.5
1982,35,0.058,302.54,34.67,45.33,40
1982,36,0.067,303.54,43.99,42.15,43.07
1982,37,0.076,304.01,48.62,44.47,46.55
1982,38,0.088,303.67,54.53,53.28,53.9
1982,39,0.102,302.72,59.94,63.16,61.55
1982,40,0.124,302.37,67.09,62.96,65.03
1982,41,0.149,301.96,72.48,65.6,69.04
1982,42,0.174,300.97,74.7,73.89,74.29
1982,43,0.196,300.03,75.79,79.31,77.55
1982,44,0.218,300.11,78.2,74.65,76.42
1982,45,0.236,300.88,80.99,66.91,73.95
1982,46,0.243,301.55,80.65,62.59,71.62
1982,47,0.241,302.19,78.06,60.91,69.48
1982,48,0.238,303.33,76.05,56.87,66.46
1982,49,0.229,304.46,72.23,53.29,62.76
1982,50,0.215,305.32,67.14,52.27,59.71
1982,51,0.202,306.18,61.95,52.1,57.02
1982,52,0.188,306.99,56.87,51.34,54.11
1983,1,0.174,307.78,52.06,51.84,51.95
1983,2,0.16,308.4,46.09,55.58,50.84
1983,3,0.145,308.93,39.14,62.15,50.65
1983,4,0.133,309.57,33.75,67.79,50.77
1983,5,0.126,310.33,31.33,71.2,51.27
1983,6,0.122,310.94,30.76,75.5,53.13
1983,7,0.117,311.27,29.82,81.97,55.89
1983,8,0.114,311.68,30.72,85.62,58.17
1983,9,0.113,312.19,33.24,82.87,58.06
1983,10,0.112,312.38,34.97,76.33,55.65
1983,11,0.111,312.26,37.32,68.47,52.9
1983,12,0.112,311.82,40.39,60.51,50.45
1983,13,0.112,310.8,42.75,56.42,49.59
1983,14,0.111,309.37,41.04,55.55,48.29
1983,15,0.113,307.66,39.17,54.33,46.75
1983,16,0.121,306.06,40.24,54.15,47.2
1983,17,0.132,304.59,43.72,52.13,47.93
1983,18,0.146,303.65,49.32,44.67,46.99
1983,19,0.16,303.07,55.87,39.47,47.67
1983,20,0.17,302.65,62.93,36.09,49.51
1983,21,0.176,302.54,69.56,30.57,50.06
1983,22,0.174,302.63,73.84,25.08,49.46
1983,23,0.164,302.01,73.22,27,50.11
1983,24,0.157,302.18,75.19,23.77,49.48
1983,25,0.147,302.61,75.25,18.12,46.69
1983,26,0.131,302.51,71.32,17.81,44.57
1983,27,0.114,301.74,63.83,24.45,44.14
1983,28,0.099,300.71,55.43,33.93,44.68
1983,29,0.087,300.08,48.99,41.39,45.19
1983,30,0.074,299.65,41.78,47.19,44.48
1983,31,0.062,298.76,34.83,55.6,45.22
1983,32,0.053,297.71,27.77,64.57,46.17
1983,33,0.046,296.85,20.04,74.36,47.2
1983,34,0.039,295.69,11.68,86.67,49.18
1983,35,0.035,295.41,6.86,93.32,50.09
1983,36,0.035,295.65,3.62,96.51,50.06
1983,37,0.043,297.48,4.91,94.97,49.94
1983,38,0.05,299.31,7.88,90.56,49.22
1983,39,0.057,300.29,10.62,84.99,47.81
1983,40,0.065,300.63,12.71,79.4,46.06
1983,41,0.076,300.95,15.86,74.67,45.26
1983,42,0.091,301.53,20.74,68.21,44.48
1983,43,0.111,302.51,26.93,58.14,42.54
1983,44,0.126,303.18,30.14,50.81,40.47
1983,45,0.135,303.91,31.46,45.25,38.35
1983,46,0.139,304.64,31.43,42.56,37
1983,47,0.138,305.11,29.78,43.25,36.52
1983,48,0.137,305.89,28.38,41.79,35.09
1983,49,0.134,306.79,26.68,39.42,33.05
1983,50,0.13,307.56,24.08,38.45,31.27
1983,51,0.126,308.14,22.21,39.41,30.81
1983,52,0.124,308.78,21.81,39.08,30.44
1984,1,0.121,309.19,20.93,41.82,31.38
1984,2,0.118,309.54,20.52,47.04,33.78
1984,3,0.118,310.07,22.18,52.86,37.52
1984,4,0.121,310.82,26.21,56.62,41.41
1984,5,0.122,311.46,29.06,60.63,44.85
1984,6,0.12,311.86,30,66.4,48.2
1984,7,0.117,312.26,31.56,70.98,51.27
1984,8,0.114,312.55,32.26,74.85,53.56
1984,9,0.111,312.61,32.88,77.4,55.14
1984,10,0.109,312.54,33.75,73.99,53.87
1984,11,0.109,312.29,35.65,67.67,51.66
1984,12,0.11,311.89,38.95,59.32,49.14
1984,13,0.111,311.02,42.64,54.14,48.39
1984,14,0.112,309.45,42.4,54.83,48.62
1984,15,0.115,307.5,40.48,55.82,48.15
1984,16,0.121,305.31,39.26,60.48,49.87
1984,17,0.13,303.4,40.21,63.04,51.63
1984,18,0.137,301.61,40.99,65.68,53.34
1984,19,0.142,300.21,41.15,69.94,55.54
1984,20,0.143,299.36,41.3,69.63,55.47
1984,21,0.136,298.24,37.88,72.8,55.34
1984,22,0.122,297.12,31.82,75.24,53.53
1984,23,0.106,296.38,25.87,73.27,49.57
1984,24,0.092,295.59,23.02,72.99,48.01
1984,25,0.08,294.97,21.63,73.55,47.59
1984,26,0.068,294.54,20.66,75.08,47.87
1984,27,0.056,293.96,16.71,80.74,48.73
1984,28,0.046,293.54,11.69,86.11,48.9
1984,29,0.036,292.98,6.13,91.83,48.98
1984,30,0.028,292.39,2.24,95.54,48.89
1984,31,0.024,292.12,0.99,96.86,48.92
1984,32,0.024,292.37,0.53,96.72,48.62
1984,33,0.028,293.69,1.52,94.77,48.14
1984,34,0.034,295.55,6.78,88.96,47.87
1984,35,0.042,297.74,15.9,80,47.95
1984,36,0.053,299.65,26.52,71.27,48.9
1984,37,0.064,300.68,33.93,72.47,53.2
1984,38,0.075,301.26,40.35,75.67,58.01
1984,39,0.088,301.7,46.24,73.27,59.76
1984,40,0.104,301.83,49.79,68.44,59.11
1984,41,0.12,302.1,50.81,63.86,57.33
1984,42,0.135,302.47,49.98,59.88,54.93
1984,43,0.144,302.71,46.8,56.61,51.7
1984,44,0.149,303.07,43.05,51.79,47.42
1984,45,0.149,303.56,39.17,47.87,43.52
1984,46,0.148,304.18,36.23,45.67,40.95
1984,47,0.146,304.76,33.9,45.4,39.65
1984,48,0.145,305.3,32.87,45.24,39.06
1984,49,0.144,305.43,31.8,47.46,39.63
1985,9,0.097,313.41,16.58,60.11,38.35
1985,10,0.094,312.94,16.68,64.57,40.63
1985,11,0.09,311.53,15.03,73.41,44.22
1985,12,0.089,309.65,15.02,79.78,47.4
1985,13,0.09,307.58,17.42,82.75,50.09
1985,14,0.095,305.71,22.27,83.11,52.69
1985,15,0.105,303.97,27.61,82.93,55.27
1985,16,0.118,302.6,34.75,81.88,58.31
1985,17,0.131,301.4,40.42,80.32,60.37
1985,18,0.141,300.82,43.49,72.93,58.21
1985,19,0.147,300.33,44.08,67.85,55.96
1985,20,0.145,299.67,42.12,65.81,53.97
1985,21,0.138,298.97,38.59,65.19,51.89
1985,22,0.127,298.77,35.38,60.08,47.73
1985,23,0.117,299.03,34.23,51.33,42.78
1985,24,0.105,298.69,33.81,49.42,41.62
1985,25,0.096,298.52,34.93,46.9,40.91
1985,26,0.087,298.72,36.24,43.81,40.03
1985,27,0.079,299,35.69,43.18,39.44
1985,28,0.07,298.91,32.04,45.93,38.99
1985,29,0.064,299.34,29.92,45.62,37.77
1985,30,0.06,300.01,30.11,43.62,36.87
1985,31,0.058,300.79,30.95,41.33,36.14
1985,32,0.057,301.28,31.2,41.36,36.28
1985,33,0.057,302,31.9,39.97,35.94
1985,34,0.059,303.14,34.72,35.2,34.96
1985,35,0.062,304.11,38.56,34.03,36.29
1985,36,0.066,304.91,42.06,31.98,37.02
1985,37,0.072,305.41,41.88,32.71,37.3
1985,38,0.079,305.58,41.6,35.21,38.41
1985,39,0.086,305.19,40.18,38.67,39.42
1985,40,0.095,304.33,38.78,42.58,40.68
1985,41,0.107,303.02,38.24,54.87,46.56
1985,42,0.123,302.53,39.91,59.51,49.71
1985,43,0.141,302.3,43.33,60.2,51.76
1985,44,0.156,302.49,45.58,56.34,50.96
1985,45,0.165,303.29,46.39,49.75,48.07
1985,46,0.168,304.42,45.75,44.1,44.93
1985,47,0.166,305.59,43.37,40.38,41.87
1985,48,0.162,306.81,40.42,36.36,38.39
1985,49,0.157,308.26,38.15,30.45,34.3
1985,50,0.153,309.99,35.93,23.13,29.53
1985,51,0.147,311.39,33.26,17.55,25.41
1985,52,0.142,312.45,31.35,12.61,21.98
1986,1,0.137,313.34,30.09,10.04,20.07
1986,2,0.132,314.11,28.42,9.11,18.76
1986,3,0.127,314.93,26.9,8.85,17.87
1986,4,0.123,315.76,26.38,8.15,17.26
1986,5,0.119,316.59,25.55,6.69,16.12
1986,6,0.114,317.27,23.99,5.97,14.98
1986,7,0.11,317.6,23.18,6.74,14.96
1986,8,0.105,317.53,22.41,8.91,15.66
1986,9,0.102,317.26,22.42,12.81,17.62
1986,10,0.099,316.5,22.13,19.53,20.83
1986,11,0.097,315.63,21.44,24.35,22.9
1986,12,0.094,314.34,20.66,31.17,25.91
1986,13,0.092,312.28,20.1,41.27,30.69
1986,14,0.093,309.77,20.87,51.98,36.43
1986,15,0.099,307.13,23.17,58.82,40.99
1986,16,0.11,304.72,27.76,65.45,46.6
1986,17,0.126,302.66,36.76,69.86,53.31
1986,18,0.142,300.98,44.48,72.35,58.41
1986,19,0.152,299.98,48.56,72.54,60.55
1986,20,0.153,298.78,48.49,75.48,61.98
1986,21,0.145,297.58,44.7,78.92,61.81
1986,22,0.13,296.03,37.4,84.05,60.72
1986,23,0.107,293.78,25.33,92.1,58.71
1986,24,0.083,292.22,14.31,95.34,54.82
1986,25,0.064,291.43,8.21,96.19,52.2
1986,26,0.049,291.24,5.1,95.91,50.51
1986,27,0.042,291.96,4.47,93.21,48.84
1986,28,0.038,293.15,5.13,88.04,46.59
1986,29,0.039,295.03,8.19,77.48,42.84
1986,30,0.042,297.06,14.04,64.86,39.45
1986,31,0.044,298.82,18.87,55.15,37.01
1986,32,0.049,300.79,24.42,45.28,34.85
1986,33,0.052,302,26.88,40.64,33.76
1986,34,0.055,303.22,30.39,35.08,32.73
1986,35,0.054,303.49,29.41,38.79,34.1
1986,36,0.052,303.32,24.79,44.05,34.42
1986,37,0.053,303.61,17.43,48.07,32.75
1986,38,0.055,304.05,13.03,49.81,31.42
1986,39,0.057,304.34,10.46,47.26,28.86
1986,40,0.063,305.01,10.64,35.42,23.03
1986,41,0.071,305.86,11.94,26.1,19.02
1986,42,0.078,307.04,12.33,17.89,15.11
1986,43,0.083,307.9,10.96,12.79,11.88
1986,44,0.084,308.03,8.34,13.59,10.96
1986,45,0.085,308,6.92,16.27,11.6
1986,46,0.084,307.56,5.63,23.57,14.6
1986,47,0.084,307.37,4.55,29.47,17.01
1986,48,0.083,307.29,3.56,33.32,18.44
1986,49,0.085,307.72,3.15,33.5,18.33
1986,50,0.087,308.78,3.12,30.46,16.79
1986,51,0.088,309.84,2.77,27.69,15.23
1986,52,0.088,310.75,2.18,24.65,13.41
1987,1,0.088,311.52,1.96,23.81,12.88
1987,2,0.089,312.33,2.49,23.68,13.08
1987,3,0.089,313.11,3.14,25.18,14.16
1987,4,0.088,313.64,2.98,28.77,15.88
1987,5,0.088,314.16,2.48,31.76,17.12
1987,6,0.088,314.94,3.04,31.59,17.31
1987,7,0.087,315.34,3.35,33.66,18.51
1987,8,0.085,315.5,3.62,35.69,19.65
1987,9,0.083,315.48,3.89,37.78,20.83
1987,10,0.082,315.49,4,33.96,18.98
1987,11,0.08,314.97,3.61,33.6,18.61
1987,12,0.078,313.93,2.88,36.51,19.69
1987,13,0.078,312.84,3.32,36.1,19.71
1987,14,0.079,311.65,4.01,35.63,19.82
1987,15,0.082,310.5,6.12,32.45,19.29
1987,16,0.088,308.83,8.57,32.23,20.4
1987,17,0.095,306.07,11.14,39.39,25.26
1987,18,0.106,303.16,16.53,49.86,33.19
1987,19,0.122,300.96,25.64,62,43.82
1987,20,0.137,299.28,36.07,70.51,53.29
1987,21,0.151,298.5,49.57,70.47,60.02
1987,22,0.162,298.31,63.72,64.89,64.3
1987,23,0.169,298.84,75.8,53.57,64.68
1987,24,0.17,299.2,83.64,46.59,65.12
1987,25,0.167,299.36,89.77,42,65.89
1987,26,0.163,299.76,94.82,37.76,66.29
1987,27,0.158,300.54,97.76,33.38,65.57
1987,28,0.154,301.62,99.08,27.38,63.23
1987,29,0.149,302.41,99.47,24.38,61.92
1987,30,0.143,303.17,99.67,22.76,61.21
1987,31,0.138,304.16,99.75,20.14,59.94
1987,32,0.132,304.85,99.68,19.28,59.48
1987,33,0.123,304.99,99.31,20.33,59.82
1987,34,0.117,305,98.57,22.25,60.41
1987,35,0.113,305.14,96.91,26.79,61.85
1987,36,0.11,305.08,93.33,30.8,62.07
1987,37,0.109,304.54,87.61,40.22,63.92
1987,38,0.113,303.87,83.08,51.81,67.44
1987,39,0.123,303.37,80.29,57.47,68.88
1987,40,0.136,302.88,77.52,58.23,67.87
1987,41,0.154,302.25,76.18,62.97,69.58
1987,42,0.176,301.62,76.71,68.03,72.37
1987,43,0.203,301.55,80.15,66.58,73.36
1987,44,0.226,301.79,83.24,61.72,72.48
1987,45,0.241,301.91,84.06,59.56,71.81
1987,46,0.248,302.15,83.7,58.74,71.22
1987,47,0.25,302.83,82.6,57.08,69.84
1987,48,0.247,303.95,80.01,53.24,66.62
1987,49,0.237,305.12,75.74,49.42,62.58
1987,50,0.223,306.27,70.26,46.46,58.36
1987,51,0.209,307.4,64.41,44.3,54.36
1987,52,0.193,308.52,58.65,40.93,49.79
1988,1,0.176,309.27,52.13,41.06,46.6
1988,2,0.161,309.86,46.1,44.14,45.12
1988,3,0.151,310.61,42.09,47.82,44.95
1988,4,0.145,311.31,41.1,51.51,46.3
1988,5,0.137,311.48,38.53,59.78,49.15
1988,6,0.127,311.35,33.97,70.57,52.27
1988,7,0.119,311.2,30.78,80.94,55.86
1988,8,0.112,311.1,29,88.13,58.56
1988,9,0.108,310.96,28.84,90.89,59.87
1988,10,0.106,310.52,29.01,91.41,60.21
1988,11,0.105,310.15,30.82,88.34,59.58
1988,12,0.107,309.85,35.56,79.8,57.68
1988,13,0.111,309.11,41.69,72.09,56.89
1988,14,0.115,307.49,45.45,71.3,58.37
1988,15,0.125,305.69,50.92,69.55,60.23
1988,16,0.142,303.84,58.5,71.81,65.16
1988,17,0.161,302.32,65.7,71.96,68.83
1988,18,0.175,301.34,69.43,67.94,68.69
1988,19,0.182,301.11,70.34,60.15,65.24
1988,20,0.18,301.05,68.28,52.07,60.17
1988,21,0.17,300.81,63,47.29,55.15
1988,22,0.157,300.88,59.15,41,50.08
1988,23,0.143,300.9,54.8,36.41,45.61
1988,24,0.128,300.66,50.11,35.43,42.77
1988,25,0.114,300.69,48.32,32.31,40.32
1988,26,0.1,300.53,45.76,32.42,39.09
1988,27,0.087,300.63,41.86,33.28,37.57
1988,28,0.076,300.69,36.46,34.91,35.68
1988,29,0.065,300.52,30.65,38.78,34.72
1988,30,0.056,300.46,26.57,41.75,34.16
1988,31,0.051,300.8,25.11,42.35,33.73
1988,32,0.05,301.54,25.14,40.58,32.86
1988,33,0.051,302.61,25.82,36.61,31.21
1988,34,0.053,303.67,27.8,32.03,29.91
1988,35,0.056,304.49,31.64,31.8,31.72
1988,36,0.058,305.01,32.4,31.75,32.08
1988,37,0.059,305.03,26.26,36.21,31.23
1988,38,0.062,304.99,23.1,40.84,31.97
1988,39,0.065,304.55,20.82,45.03,32.92
1988,40,0.073,304.3,21.18,42.66,31.92
1988,41,0.085,304.85,23.84,36.48,30.16
1988,42,0.099,305.02,27,36.75,31.88
1988,43,0.112,305.05,28.54,37.07,32.81
1988,44,0.122,305.51,28.83,33.19,31.01
1988,45,0.128,306.26,28.47,28.87,28.67
1988,46,0.131,307.43,28.05,24.79,26.42
1988,47,0.129,308.19,25.82,24.8,25.31
1988,48,0.125,308.6,22.98,25.87,24.42
1988,49,0.121,309.39,20.34,23.69,22.01
1988,50,0.117,310.06,17.58,22.63,20.1
1988,51,0.115,310.59,16.67,22.82,19.75
1988,52,0.112,311.29,15.62,20.69,18.16
1989,1,0.109,311.96,14.2,20.21,17.2
1989,2,0.108,312.6,14.52,21.11,17.81
1989,3,0.107,313.04,14.71,25.22,19.97
1989,4,0.105,313.49,14.95,29.6,22.28
1989,5,0.104,314.15,15.31,31.45,23.38
1989,6,0.104,314.9,16.5,31.65,24.08
1989,7,0.104,315.54,19.1,31.13,25.11
1989,8,0.103,315.85,21.56,31,26.28
1989,9,0.102,315.98,23.65,31.01,27.33
1989,10,0.1,315.64,23.01,32.29,27.65
1989,11,0.095,314.3,19.96,42.4,31.18
1989,12,0.094,312.68,20.37,50.74,35.56
1989,13,0.096,311.34,23.87,51.12,37.49
1989,14,0.1,310.21,27.99,48.21,38.1
1989,15,0.108,308.93,32.21,44.52,38.36
1989,16,0.116,307.37,34.03,43.73,38.88
1989,17,0.125,305.51,35.54,44.11,39.83
1989,18,0.133,303.77,37.57,43.57,40.57
1989,19,0.141,302.62,39.53,44.24,41.88
1989,20,0.144,301.8,41.62,44.64,43.13
1989,21,0.144,301.32,43.26,42.54,42.9
1989,22,0.138,301.11,44.03,38.96,41.5
1989,23,0.127,300.55,41.82,38.97,40.4
1989,24,0.114,299.87,39.23,41.12,40.18
1989,25,0.1,299.75,37.4,39.18,38.29
1989,26,0.085,298.97,33.35,43.73,38.54
1989,27,0.071,298.23,28.45,50.86,39.66
1989,28,0.061,297.91,24.57,55.59,40.08
1989,29,0.056,298.04,23.19,57.37,40.28
1989,30,0.054,298.48,25.16,56.14,40.65
1989,31,0.057,299.67,30.94,50.26,40.6
1989,32,0.061,300.84,35.69,45.24,40.46
1989,33,0.064,301.74,39.97,42.4,41.18
1989,34,0.067,302.23,44.51,42.16,43.33
1989,35,0.07,302.4,49.82,46.61,48.22
1989,36,0.077,302.27,55.78,51.83,53.81
1989,37,0.084,302.32,59.14,58.95,59.04
1989,38,0.094,302.35,62.18,65.95,64.07
1989,39,0.106,301.56,63.89,75.34,69.62
1989,40,0.123,300.76,65.85,80.11,72.98
1989,41,0.146,300.43,69,81.03,75.02
1989,42,0.167,300.29,69.84,80.01,74.92
1989,43,0.185,300.41,69.2,75.97,72.59
1989,44,0.197,300.7,67.34,69.84,68.59
1989,45,0.202,300.85,64.66,66.88,65.77
1989,46,0.202,300.79,61.7,67.35,64.52
1989,47,0.201,301.24,59.29,66.41,62.85
1989,48,0.198,302.15,56.95,63.49,60.22
1989,49,0.193,303.24,54.28,60.17,57.23
1989,50,0.184,304.41,50.65,57.48,54.06
1989,51,0.174,305.25,45.84,57.79,51.81
1989,52,0.163,306.62,41.45,53.49,47.47
1990,1,0.152,308.14,36.82,48.67,42.75
1990,2,0.142,309.3,32.77,47.56,40.16
1990,3,0.134,310.49,29.61,47.35,38.48
1990,4,0.128,311.56,27.88,47.52,37.7
1990,5,0.123,312.44,26.18,48.31,37.24
1990,6,0.117,312.79,23.88,54.11,38.99
1990,7,0.111,312.49,21.85,66.59,44.22
1990,8,0.107,312.6,22.26,72.82,47.54
1990,9,0.105,312.39,23.66,79.3,51.48
1990,10,0.103,311.69,24.58,84.23,54.41
1990,11,0.104,310.78,27.47,85.56,56.52
1990,12,0.106,309.22,31.9,88.28,60.09
1990,13,0.111,307.33,39.6,89.88,64.74
1990,14,0.121,305.46,49.77,89.46,69.62
1990,15,0.138,303.75,61.59,85.02,73.3
1990,16,0.157,302.84,70.92,80.37,75.65
1990,17,0.17,302.23,73.53,73.53,73.53
1990,18,0.177,301.88,72.36,63.03,67.7
1990,19,0.177,301.84,68.38,52.78,60.58
1990,20,0.17,302.15,62.8,41.45,52.13
1990,21,0.16,302.15,57.18,34.88,46.03
1990,22,0.148,302.11,53.24,30.45,41.85
1990,23,0.136,302.45,50.17,23.78,36.97
1990,24,0.123,302.61,47.82,21.08,34.45
1990,25,0.108,302.16,45.1,21.91,33.5
1990,26,0.096,301.62,43.49,24.55,34.02
1990,27,0.085,300.74,39.88,32.25,36.07
1990,28,0.078,300.22,38.4,37.95,38.17
1990,29,0.073,299.97,37.33,42.3,39.82
1990,30,0.068,299.64,36.23,47.1,41.66
1990,31,0.065,299.73,37.23,48.84,43.04
1990,32,0.064,300.15,38.13,48.96,43.54
1990,33,0.064,300.84,39.37,48.05,43.71
1990,34,0.066,301.41,43.07,47.93,45.5
1990,35,0.071,302.31,49.66,47.33,48.5
1990,36,0.076,303.42,55.55,43.18,49.36
1990,37,0.08,303.94,53.62,45.25,49.44
1990,38,0.084,304.25,49.48,47.9,48.69
1990,39,0.09,304.54,46.53,44.97,45.75
1990,40,0.096,304.17,40.92,43.96,42.44
1990,41,0.106,304.08,38.99,43.84,41.42
1990,42,0.119,304.15,38.72,44.22,41.47
1990,43,0.128,303.79,36.13,47.31,41.72
1990,44,0.133,303.87,33.72,45.42,39.57
1990,45,0.136,304.54,31.76,40.73,36.24
1990,46,0.134,305.18,29.04,39,34.02
1990,47,0.13,305.72,25.88,39.49,32.68
1990,48,0.128,306.62,23.71,37.37,30.54
1990,49,0.125,307.7,21.77,33.71,27.74
1990,50,0.122,308.83,19.86,30.23,25.05
1990,51,0.12,310.13,18.76,25.87,22.31
1990,52,0.118,311.37,18.09,20.37,19.23
1991,1,0.117,312.51,17.64,16.36,17
1991,2,0.115,313.67,17.9,12.84,15.37
1991,3,0.114,314.57,18.2,12.13,15.17
1991,4,0.112,314.99,18.17,15.4,16.79
1991,5,0.109,315.39,18.02,18.7,18.36
1991,6,0.108,315.84,18,21.46,19.73
1991,7,0.106,315.93,19.59,26.67,23.13
1991,8,0.105,315.89,22.38,30.61,26.49
1991,9,0.106,315.74,25.79,34.23,30.01
1991,10,0.105,315.13,27.59,39,33.3
1991,11,0.106,314.07,30.59,45.26,37.93
1991,12,0.108,312.69,35.68,50.71,43.19
1991,13,0.112,310.49,41.88,59.64,50.76
1991,14,0.117,308.19,45.75,66.16,55.96
1991,15,0.122,306.11,46.07,66.73,56.4
1991,16,0.131,304.35,46.93,68.17,57.55
1991,17,0.14,302.78,48.33,68.51,58.42
1991,18,0.148,301.41,49.28,67.52,58.4
1991,19,0.153,299.93,49.18,72.29,60.74
1991,20,0.154,298.63,49.52,76.02,62.77
1991,21,0.151,297.58,49.43,78.18,63.81
1991,22,0.143,296.84,48.78,77.09,62.93
1991,23,0.135,296.96,49.46,68.41,58.94
1991,24,0.126,297.48,50.79,59.31,55.05
1991,25,0.117,297.98,52.41,52.12,52.27
1991,26,0.107,298.37,52.51,47.9,50.2
1991,27,0.094,298.46,47.95,48.63,48.29
1991,28,0.077,298.38,37.74,51.29,44.51
1991,29,0.063,298.3,29.32,54.37,41.84
1991,30,0.055,298.71,25.94,53.67,39.8
1991,31,0.05,299.29,24.55,52.15,38.35
1991,32,0.048,300,23.44,50.46,36.95
1991,33,0.047,300.83,21.52,48.67,35.1
1991,34,0.045,301.59,19.89,46.94,33.42
1991,35,0.044,302.03,18.23,49.58,33.9
1991,36,0.048,303.27,20.51,44.68,32.59
1991,37,0.052,304.3,16.32,42.47,29.39
1991,38,0.054,304.94,12.38,41.72,27.05
1991,39,0.057,305.28,10.5,37.89,24.19
1991,40,0.06,305.24,8.27,32.92,20.6
1991,41,0.063,304.77,6.07,37.09,21.58
1991,42,0.067,304.49,4.76,41.4,23.08
1991,43,0.073,304.64,4.41,40.33,22.37
1991,44,0.079,305.06,4.85,36.47,20.66
1991,45,0.082,305.53,4.65,33.86,19.26
1991,46,0.083,306.24,4.47,32.29,18.38
1991,47,0.085,306.65,4.58,34,19.29
1991,48,0.089,307.09,5.41,34.79,20.1
1991,49,0.094,308.01,7.22,32.11,19.67
1991,50,0.099,309.04,8.47,29.23,18.85
1991,51,0.1,309.66,8.81,29.32,19.07
1991,52,0.101,310.16,9.14,29.09,19.12
1992,1,0.099,310.53,8.13,31.35,19.74
1992,2,0.095,310.85,6.25,35.8,21.02
1992,3,0.092,311.13,4.51,42.54,23.53
1992,4,0.091,311.51,4.33,48.92,26.63
1992,5,0.092,312.16,5.71,51.97,28.84
1992,6,0.092,312.84,6.32,54.21,30.26
1992,7,0.092,313.6,7.77,53.83,30.8
1992,8,0.092,314.09,10.45,53.8,32.13
1992,9,0.093,314.26,14.13,54.07,34.1
1992,10,0.094,314.46,17.27,47.32,32.29
1992,11,0.093,314.3,18.44,41.48,29.96
1992,12,0.093,313.74,20.65,38.16,29.4
1992,13,0.096,312.98,25.51,34.42,29.97
1992,14,0.101,312.1,30.8,31.28,31.04
1992,15,0.107,311.17,35.29,26.84,31.07
1992,16,0.114,310.01,37.01,22.38,29.69
1992,17,0.119,308.64,36.17,16.25,26.21
1992,18,0.124,307.28,34,8.41,21.21
1992,19,0.129,306.42,33.12,5.34,19.23
1992,20,0.133,305.79,34.54,5.46,20
1992,21,0.134,304.9,37.28,8.53,22.91
1992,22,0.132,303.9,40.71,14.05,27.38
1992,23,0.124,302.93,41.15,19.53,30.34
1992,24,0.11,301.91,38.07,25.7,31.88
1992,25,0.096,300.47,35.37,33.54,34.45
1992,26,0.082,298.83,32.25,44.29,38.27
1992,27,0.07,297.55,28.49,55.09,41.79
1992,28,0.061,296.79,25.18,63.07,44.13
1992,29,0.053,295.99,21.28,71.45,46.37
1992,30,0.048,295.71,20.11,74.32,47.22
1992,31,0.046,296.11,20.6,72.6,46.6
1992,32,0.049,297.68,24.73,64.76,44.75
1992,33,0.054,299.59,29.79,56.71,43.25
1992,34,0.059,301.24,35.74,49.26,42.5
1992,35,0.065,302.52,42.92,45.74,44.33
1992,36,0.07,303.36,47.07,43.65,45.36
1992,37,0.075,304.07,46.92,44.1,45.51
1992,38,0.08,304.33,45.35,46.89,46.12
1992,39,0.086,304.18,43.19,48.25,45.72
1992,40,0.094,304.07,40.93,44.61,42.77
1992,41,0.103,303.89,37.78,45.47,41.62
1992,42,0.109,303.6,33.62,49.2,41.41
1992,43,0.115,303.69,30.49,48.19,39.34
1992,44,0.12,304.13,27.91,43.49,35.7
1992,45,0.121,304.52,25.42,40.9,33.16
1992,46,0.118,304.42,22.26,43.92,33.09
1992,47,0.114,304.49,19.04,46.89,32.97
1992,48,0.109,304.55,15.35,49.42,32.39
1992,49,0.106,304.86,12.96,50.48,31.72
1992,50,0.106,305.52,11.99,50.62,31.31
1992,51,0.109,306.82,13.01,47.7,30.36
1992,52,0.113,308.67,15.39,39.53,27.46
1993,1,0.116,310.51,17.29,31.85,24.57
1993,2,0.114,311.74,16.97,29.16,23.07
1993,3,0.111,312.61,15.9,30.39,23.15
1993,4,0.106,313.11,14.17,34.68,24.42
1993,5,0.104,313.62,13.98,38.28,26.13
1993,6,0.103,313.86,14.42,44.31,29.37
1993,7,0.104,313.99,17.6,50.42,34.01
1993,8,0.105,314.29,22.45,52.06,37.26
1993,9,0.104,314.46,25.59,52.15,38.87
1993,10,0.102,314.32,26.11,50.11,38.11
1993,11,0.102,313.97,27.67,46.32,37
1993,12,0.101,313.13,29.24,45.53,37.38
1993,13,0.103,312.11,32.56,43.41,37.99
1993,14,0.105,310.67,33.7,44.25,38.98
1993,15,0.108,308.96,33.05,44.61,38.83
1993,16,0.114,306.95,31.91,47.57,39.74
1993,17,0.123,304.86,33.75,50.33,42.04
1993,18,0.136,303.17,39.22,50.01,44.61
1993,19,0.148,301.81,45.42,53.35,49.39
1993,20,0.156,300.6,51.13,57.5,54.32
1993,21,0.157,299.52,54.1,60.66,57.38
1993,22,0.151,298.68,54.95,61.39,58.17
1993,23,0.138,298.34,52.16,57.46,54.81
1993,24,0.125,297.67,49.25,57.91,53.58
1993,25,0.109,296.55,45.83,62.36,54.1
1993,26,0.094,295.81,42.54,65.87,54.2
1993,27,0.08,295.2,37.14,71.39,54.26
1993,28,0.07,294.96,32.63,75.41,54.02
1993,29,0.063,294.95,29.49,77.7,53.59
1993,30,0.06,295.82,30.41,73.13,51.77
1993,31,0.06,297.23,33.78,65.43,49.61
1993,32,0.062,298.73,37.28,58.29,47.79
1993,33,0.064,299.85,39.74,55.13,47.44
1993,34,0.065,300.9,42.59,51.85,47.22
1993,35,0.068,301.95,45.56,50.01,47.78
1993,36,0.072,303.17,48.64,45.25,46.94
1993,37,0.073,303.29,43.98,50.92,47.45
1993,38,0.075,303.33,39.15,56.77,47.96
1993,39,0.078,303.23,33.17,58.25,45.71
1993,40,0.082,302.9,28.28,57.19,42.73
1993,41,0.09,302.31,26.57,61.8,44.19
1993,42,0.103,302.2,28.37,62.42,45.39
1993,43,0.119,302.54,31.87,58.1,44.98
1993,44,0.133,302.78,34.42,54.02,44.22
1993,45,0.14,303.05,34.49,51.35,42.92
1993,46,0.139,303.25,32.27,51.54,41.91
1993,47,0.135,303.58,28.83,52.51,40.67
1993,48,0.131,304.18,26.49,51.86,39.18
1993,49,0.129,304.97,25.05,50.22,37.64
1993,50,0.13,305.87,25.09,48.85,36.97
1993,51,0.129,306.9,25.31,47.57,36.44
1993,52,0.126,307.87,24.32,45.45,34.88
1994,1,0.12,308.57,22.44,46.34,34.39
1994,2,0.117,309.17,21.84,49.64,35.74
1994,3,0.115,309.99,21.82,52.88,37.35
1994,4,0.114,310.85,22.98,55.27,39.12
1994,5,0.113,311.45,24.3,59.48,41.89
1994,6,0.112,311.86,25.52,65.35,45.44
1994,7,0.108,311.93,25.37,74.16,49.77
1994,8,0.104,311.83,24.09,83.01,53.55
1994,9,0.099,311.4,22.92,89.92,56.42
1994,10,0.096,310.6,21.32,92.97,57.14
1994,11,0.096,310.16,22.89,90.38,56.63
1994,12,0.096,309.64,25.37,83.55,54.46
1994,13,0.096,308.14,26.83,81.5,54.17
1994,14,0.102,306.39,32.38,80.53,56.46
1994,15,0.113,304.39,39.51,79.25,59.38
1994,16,0.124,301.79,43.23,86.3,64.77
1994,17,0.139,299.74,49.58,90.26,69.92
1994,18,0.158,298.39,58.95,90.74,74.85
1994,19,0.178,298.21,68.95,86.33,77.64
1994,20,0.187,298.28,74.27,79.16,76.72
1994,21,0.186,298.53,75.49,69.87,72.68
1994,22,0.176,298.42,73.49,63.4,68.45
1994,23,0.159,298.07,68.11,59.22,63.66
1994,24,0.142,298.4,62.55,52.11,57.33
1994,25,0.128,298.87,59.97,45.18,52.58
1994,26,0.113,298.42,57.24,47.29,52.27
1994,27,0.103,298.16,55.31,50.64,52.97
1994,28,0.095,298.17,52.45,52.61,52.53
1994,29,0.082,297.6,45.69,59.45,52.57
1994,30,0.076,297.39,43.62,62.55,53.09
1994,31,0.071,297.23,42.63,65.13,53.88
1994,32,0.069,297.52,42.76,65.32,54.04
1994,33,0.069,297.95,43.85,66.33,55.09
1994,34,0.069,297.95,44.63,69.6,57.11
1994,35,0.069,297.72,45.53,73.95,59.74
1994,36,0.061,296.42,35.95,82.79,59.37
1995,7,0.13,316.24,41.29,23.19,32.24
1995,8,0.127,316.01,43.78,29.33,36.56
1995,9,0.125,315.42,45.7,38.84,42.27
1995,10,0.122,314.39,46.05,49.17,47.61
1995,11,0.12,313.27,46.49,55.5,50.99
1995,12,0.118,311.82,47.53,60.42,53.97
1995,13,0.118,310.25,49.92,62.11,56.01
1995,14,0.12,308.49,50.91,63.63,57.27
1995,15,0.124,306.57,50.02,63.27,56.65
1995,16,0.131,304.74,49.74,65.13,57.43
1995,17,0.142,303.23,52.13,64.42,58.27
1995,18,0.152,302.32,54.13,58.11,56.12
1995,19,0.158,302.12,54.54,49.29,51.92
1995,20,0.158,301.73,53.4,45.4,49.4
1995,21,0.152,301.12,50.87,44.43,47.65
1995,22,0.143,300.7,49.44,42.57,46.01
1995,23,0.133,300.46,48.63,39.49,44.06
1995,24,0.12,299.93,46.66,40.27,43.46
1995,25,0.111,299.85,47.58,37.62,42.6
1995,26,0.102,299.85,49.07,36.28,42.67
1995,27,0.094,300.06,49.3,36.08,42.69
1995,28,0.086,300.26,46.54,36.53,41.53
1995,29,0.079,300.46,44.09,37.81,40.95
1995,30,0.075,300.99,44.48,36.96,40.72
1995,31,0.072,301.46,44.58,36.84,40.71
1995,32,0.069,301.91,43.72,37.05,40.38
1995,33,0.067,302.31,43.11,37.55,40.33
1995,34,0.065,302.46,42.41,39.78,41.09
1995,35,0.067,302.91,44.76,42.33,43.54
1995,36,0.069,303.16,45.77,44.81,45.29
1995,37,0.07,302.9,39.29,53.98,46.64
1995,38,0.075,302.85,38.65,61.43,50.04
1995,39,0.084,302.63,39.96,64.81,52.39
1995,40,0.095,302.11,40.12,66.37,53.24
1995,41,0.111,301.52,42.93,70.38,56.65
1995,42,0.132,301.01,47.51,73.67,60.59
1995,43,0.153,301.26,51.29,68.96,60.13
1995,44,0.171,301.78,53.52,61.77,57.64
1995,45,0.183,302.58,54.99,54.73,54.86
1995,46,0.189,303.56,55.1,49.52,52.31
1995,47,0.189,304.46,53.09,47.21,50.15
1995,48,0.184,305.54,49.68,43.94,46.81
1995,49,0.174,306.61,45.2,40.6,42.9
1995,50,0.164,307.47,40.36,39.12,39.74
1995,51,0.156,308.56,36.78,36.76,36.77
1995,52,0.149,309.74,34.19,32.29,33.24
1996,1,0.141,310.77,31.18,29.71,30.45
1996,2,0.134,311.59,28.95,29.94,29.45
1996,3,0.127,312.3,26.81,32.41,29.61
1996,4,0.122,313.11,25.52,33.71,29.61
1996,5,0.119,313.87,25.18,34.55,29.87
1996,6,0.115,314.02,24.13,41.7,32.92
1996,7,0.11,314.05,23.62,49.06,36.34
1996,8,0.106,314.14,23.49,53.42,38.45
1996,9,0.103,313.79,23.48,60.52,42
1996,10,0.101,313.07,23.24,66.04,44.64
1996,11,0.1,312.41,24.6,65.29,44.95
1996,12,0.101,311.91,27.87,58.7,43.29
1996,13,0.103,311.4,32.61,50.2,41.4
1996,14,0.107,310.01,35.73,49.97,42.85
1996,15,0.113,307.78,38.05,53.65,45.85
1996,16,0.122,305.39,40.79,59.86,50.33
1996,17,0.134,303.13,44.55,65.58,55.06
1996,18,0.146,301.43,48.57,67.68,58.12
1996,19,0.154,299.87,50.88,73.55,62.21
1996,20,0.156,298.59,51.51,77.29,64.4
1996,21,0.151,297.71,49.7,77.63,63.67
1996,22,0.139,296.34,45.44,81.45,63.44
1996,23,0.126,295.6,41.51,78.95,60.23
1996,24,0.113,295.49,39.44,73.53,56.48
1996,25,0.102,295.82,39.4,67.35,53.37
1996,26,0.09,296.15,38.9,63.5,51.2
1996,27,0.079,295.91,35.67,66.8,51.24
1996,28,0.069,295.53,31.22,71.96,51.59
1996,29,0.062,295.82,28.98,72.22,50.6
1996,30,0.059,296.25,29.4,70.38,49.89
1996,31,0.06,297.48,33.82,63.76,48.79
1996,32,0.066,299.58,41.08,52.82,46.95
1996,33,0.073,302.09,50.02,39.86,44.94
1996,34,0.078,304.38,57.01,26.68,41.85
1996,35,0.08,305.86,61.28,21.41,41.34
1996,36,0.085,307.43,65.58,13.24,39.41
1996,37,0.088,308.38,63.91,7.76,35.84
1996,38,0.091,308.72,58.01,5.99,32
1996,39,0.093,308.52,50.27,5.68,27.98
1996,40,0.097,307.47,41.71,9.72,25.72
1996,41,0.104,306.65,37.57,17.96,27.76
1996,42,0.116,306.18,36.5,25.58,31.04
1996,43,0.129,305.83,37.28,30.03,33.66
1996,44,0.139,305.85,36.95,30.22,33.59
1996,45,0.145,306.1,36.25,29.78,33.01
1996,46,0.147,306.73,34.99,29.1,32.04
1996,47,0.146,307.49,33.09,28.9,31
1996,48,0.144,308.36,31.25,27.25,29.25
1996,49,0.142,309.75,29.92,21.64,25.78
1996,50,0.139,310.85,27.93,17.98,22.96
1996,51,0.134,311.8,25.38,15.26,20.32
1996,52,0.127,312.51,22.61,12.74,17.67
1997,1,0.121,312.94,20.42,13.6,17.01
1997,2,0.118,313.53,19.78,14.53,17.15
1997,3,0.117,314.25,20.29,15.64,17.96
1997,4,0.115,314.89,20.92,17.21,19.06
1997,5,0.113,315.28,21.55,20.7,21.13
1997,6,0.111,315.34,21.75,27.82,24.79
1997,7,0.109,315.18,23.12,36.45,29.78
1997,8,0.109,314.88,26.52,44.71,35.62
1997,9,0.108,314.34,29.36,54.33,41.84
1997,10,0.107,313.13,30.64,67.12,48.88
1997,11,0.108,311.57,33.17,77.74,55.46
1997,12,0.111,309.83,39.47,83.16,61.32
1997,13,0.119,307.85,50.67,85.93,68.3
1997,14,0.134,305.59,65.06,88.73,76.89
1997,15,0.152,303.49,77.06,87,82.03
1997,16,0.168,302.03,81.47,86.58,84.03
1997,17,0.179,301.41,82.16,80.67,81.41
1997,18,0.185,301.09,80.19,71.06,75.62
1997,19,0.187,301.34,77.31,58.02,67.66
1997,20,0.183,301.65,73.27,46.24,59.75
1997,21,0.174,302.04,68.93,35.52,52.22
1997,22,0.16,301.85,63.08,32.28,47.68
1997,23,0.143,301.03,56.8,35.18,45.99
1997,24,0.127,299.85,51.69,41.49,46.59
1997,25,0.112,298.99,48.4,44.85,46.63
1997,26,0.099,298.51,46.26,47,46.63
1997,27,0.09,298.18,44.87,50.91,47.89
1997,28,0.083,298.24,43.24,52.74,47.99
1997,29,0.078,298.62,42.41,52.46,47.43
1997,30,0.077,299.54,44.76,48.22,46.49
1997,31,0.077,300.48,48.27,44.59,46.43
1997,32,0.079,301.71,52.74,39.54,46.14
1997,33,0.084,303.14,60.24,32.89,46.56
1997,34,0.088,304.31,68.73,27.27,48
1997,35,0.094,305.08,77.03,27.28,52.15
1997,36,0.099,305.39,82.81,28.6,55.71
1997,37,0.106,305.29,86.1,33.92,60.01
1997,38,0.116,304.84,87.7,42.52,65.11
1997,39,0.128,303.76,87.02,53.22,70.12
1997,40,0.145,302.13,85.37,65.78,75.57
1997,41,0.167,300.32,84.77,82,83.39
1997,42,0.192,298.88,85.49,92.6,89.04
1997,43,0.217,297.89,86.8,96.9,91.85
1997,44,0.236,296.84,86.87,99.17,93.02
1997,45,0.251,296.14,87.7,99.8,93.75
1997,46,0.262,295.68,88.72,99.96,94.34
1997,47,0.27,295.61,89.87,99.98,94.92
1997,48,0.275,295.85,91.41,99.98,95.69
1997,49,0.279,296.49,93.62,99.94,96.78
1997,50,0.279,297.46,95.66,99.96,97.81
1997,51,0.277,298.75,96.99,99.95,98.47
1997,52,0.271,299.89,97.75,99.93,98.84
1998,1,0.264,301.13,98.38,99.93,99.15
1998,2,0.256,302.64,98.72,99.86,99.29
1998,3,0.249,304.37,99.18,99.54,99.36
1998,4,0.24,305.96,99.44,98.7,99.07
1998,5,0.228,307.37,99.54,97.51,98.52
1998,6,0.216,308.71,99.66,95.93,97.8
1998,7,0.204,310.09,99.76,92.3,96.03
1998,8,0.193,311.36,99.83,86.93,93.38
1998,9,0.185,312.13,99.9,81.41,90.65
1998,10,0.178,312.36,99.95,74.54,87.24
1998,11,0.173,312.24,99.96,67.1,83.53
1998,12,0.168,311.89,99.8,58.99,79.39
1998,13,0.163,310.88,99.08,55.45,77.27
1998,14,0.161,309.39,95.25,55.58,75.41
1998,15,0.161,307.51,88.08,55.95,72.02
1998,16,0.165,305.26,81.29,61.22,71.26
1998,17,0.174,303.49,78.22,62.5,70.36
1998,18,0.181,302.07,76.76,61.25,69
1998,19,0.187,301,76.8,61.89,69.35
1998,20,0.188,300.13,76.54,62,69.27
1998,21,0.185,300.22,76.87,53.69,65.28
1998,22,0.175,300.31,74.83,46.66,60.74
1998,23,0.16,299.89,70.49,44.95,57.72
1998,24,0.144,299.55,65.53,43.88,54.71
1998,25,0.124,298.64,58.23,47,52.61
1998,26,0.104,297.22,49.91,55.55,52.73
1998,27,0.086,295.59,41.75,68.5,55.13
1998,28,0.076,294.97,36.53,75.3,55.92
1998,29,0.07,295.23,35.08,75.65,55.37
1998,30,0.068,295.96,36.52,71.6,54.06
1998,31,0.065,296.55,37.41,69.07,53.24
1998,32,0.067,297.64,40.79,64.61,52.7
1998,33,0.072,298.94,47.4,60.64,54.02
1998,34,0.081,301.29,59.57,48.5,54.03
1998,35,0.088,303.31,69.33,39.66,54.49
1998,36,0.092,304.27,73.38,36.57,54.97
1998,37,0.095,304.61,72.08,39.38,55.73
1998,38,0.095,304.13,63.38,49.09,56.24
1998,39,0.095,303.14,52.08,59.23,55.66
1998,40,0.099,302.29,44.2,63.99,54.1
1998,41,0.107,301.86,40.27,66.64,53.45
1998,42,0.118,301.65,38.65,67.72,53.19
1998,43,0.135,301.68,40.78,65.55,53.16
1998,44,0.156,302.13,45.77,59.2,52.49
1998,45,0.174,302.96,50.67,52.21,51.44
1998,46,0.188,304.09,54.34,46.23,50.28
1998,47,0.194,305.41,55.64,41.54,48.59
1998,48,0.195,306.77,55.05,36.68,45.87
1998,49,0.191,307.89,52.98,32.72,42.85
1998,50,0.184,308.66,49.99,31.38,40.68
1998,51,0.176,309.34,46.37,31.19,38.78
1998,52,0.165,309.79,42.58,31.44,37.01
1999,1,0.158,310.39,40.54,32.17,36.35
1999,2,0.152,311.12,39.02,33.45,36.23
1999,3,0.145,311.69,37.07,37.73,37.4
1999,4,0.141,312.26,36.71,42.13,39.42
1999,5,0.138,312.9,37.97,45.09,41.53
1999,6,0.134,313.4,38.9,48.72,43.81
1999,7,0.129,313.59,39.38,54.82,47.1
1999,8,0.124,313.52,39.36,61.95,50.66
1999,9,0.119,313.42,39.2,66.3,52.75
1999,10,0.117,313.31,40.03,63.68,51.86
1999,11,0.116,312.9,42.55,60.04,51.3
1999,12,0.119,312.55,47.8,52.14,49.97
1999,13,0.121,311.77,52.9,46.83,49.86
1999,14,0.126,310.7,57.4,43.93,50.66
1999,15,0.132,309.19,58.31,42.62,50.47
1999,16,0.141,307.31,59,44.35,51.67
1999,17,0.154,305.66,62.69,42.76,52.73
1999,18,0.171,304.32,70.4,37.81,54.1
1999,19,0.181,302.86,73.87,41.58,57.73
1999,20,0.184,301.94,75.13,42.82,58.98
1999,21,0.18,301.38,74.13,41.43,57.78
1999,22,0.169,300.14,71.06,47.63,59.35
1999,23,0.156,299.24,67.93,49.91,58.92
1999,24,0.142,298.66,64.56,50.48,57.52
1999,25,0.126,297.63,60.57,54.72,57.65
1999,26,0.108,296.61,53.97,60.47,57.22
1999,27,0.092,295.84,46.54,67.3,56.92
1999,28,0.079,295.75,40.05,70.28,55.16
1999,29,0.069,295.98,35.04,71.27,53.15
1999,30,0.065,296.97,34.94,65.76,50.35
1999,31,0.065,298.41,38.16,57.93,48.05
1999,32,0.067,299.57,41.82,53.11,47.46
1999,33,0.071,301.07,47.89,46.82,47.35
1999,34,0.077,302.68,55.54,38.89,47.22
1999,35,0.079,303.17,59.83,41.08,50.45
1999,36,0.082,303.89,62.09,39.71,50.9
1999,37,0.083,304.08,57.64,43.87,50.75
1999,38,0.083,303.46,49.58,55.07,52.33
1999,39,0.086,302.87,42.23,61.69,51.96
1999,40,0.09,302.36,35.55,62.81,49.18
1999,41,0.094,301.87,30.41,66.15,48.28
1999,42,0.103,301.5,28.4,68.87,48.63
1999,43,0.114,301.72,28.95,65.07,47.01
1999,44,0.124,302.06,29.41,59.66,44.53
1999,45,0.131,302.22,29.67,57.43,43.55
1999,46,0.135,302.28,29.71,58,43.85
1999,47,0.14,302.7,30.59,57.95,44.27
1999,48,0.144,303.25,31.72,57.39,44.56
1999,49,0.151,304.13,34.07,55.33,44.7
1999,50,0.157,305.25,36.66,52.78,44.72
1999,51,0.16,306.59,38.49,49.64,44.07
1999,52,0.159,307.78,39.15,46.08,42.61
2000,1,0.153,308.81,38.31,44.53,41.42
2000,2,0.145,309.67,35.43,45.8,40.61
2000,3,0.138,310.49,33.38,49.07,41.22
2000,4,0.133,311.44,32.76,50.81,41.79
2000,5,0.129,312.16,32.82,53.52,43.17
2000,6,0.125,312.69,32.36,57.37,44.86
2000,7,0.119,313.09,32.25,61.2,46.73
2000,8,0.113,313.27,31.09,65.55,48.32
2000,9,0.107,313.15,28.17,70.28,49.22
2000,10,0.101,312.75,24.8,71.57,48.19
2000,11,0.097,311.8,22.47,73.96,48.22
2000,12,0.094,310.65,20.66,73.41,47.04
2000,13,0.093,309.59,21.29,68.31,44.8
2000,14,0.094,308.2,22.39,65.88,44.13
2000,15,0.098,306.42,23.25,64.2,43.72
2000,16,0.104,304.17,24.3,69.3,46.8
2000,17,0.115,301.62,29.12,77.12,53.12
2000,18,0.132,299.69,37.55,81.89,59.72
2000,19,0.149,298.42,47.9,84.83,66.36
2000,20,0.163,297.82,57.86,82.96,70.41
2000,21,0.169,297.57,64.25,78.43,71.34
2000,22,0.167,297.25,67.58,73.84,70.71
2000,23,0.16,297.24,69.32,66.12,67.72
2000,24,0.149,296.9,68.81,63.34,66.07
2000,25,0.134,296.41,65.55,63.08,64.32
2000,26,0.117,296.23,60.84,62.62,61.73
2000,27,0.102,295.94,54.41,66.08,60.24
2000,28,0.09,296.23,48.42,66.37,57.4
2000,29,0.08,297.04,43.6,63.1,53.35
2000,30,0.072,297.89,40.42,58.95,49.68
2000,31,0.067,298.67,39.34,55.69,47.52
2000,32,0.062,299.11,36.65,55.49,46.07
2000,33,0.057,299.33,32,58.28,45.14
2000,34,0.052,299.21,27.18,63.48,45.33
2000,35,0.049,299.37,24.81,67.72,46.27
2000,36,0.055,300.83,28.74,62.17,45.45
2000,37,0.062,301.69,30.24,63.67,46.95
2000,38,0.068,301.67,31.39,71,51.2
2000,39,0.076,301.1,32.27,77.53,54.9
2000,40,0.091,300.35,37.8,81.49,59.65
2000,41,0.118,300.1,49.04,82.15,65.59
2000,42,0.152,300.13,60.55,80.48,70.51
2000,43,0.186,300.43,68.88,75.69,72.28
2000,44,0.209,301.08,72.04,67.14,69.59
2000,45,0.224,301.78,73.15,60.46,66.81
2000,46,0.23,302.62,72.35,55.63,63.99
2000,47,0.228,303.11,70,55.3,62.65
2000,48,0.223,304.03,67.11,52.69,59.9
2000,49,0.217,305.69,65.13,46.04,55.58
2000,50,0.208,307.18,62.48,40.87,51.67
2000,51,0.192,308.54,56.68,36.79,46.73
2000,52,0.171,309.59,48.38,33.28,40.83
2001,1,0.153,310.42,40.29,32.34,36.32
2001,2,0.142,311.4,35.32,31.42,33.37
2001,3,0.132,312.44,31.07,31.06,31.06
2001,4,0.123,313.33,26.68,31.59,29.13
2001,5,0.115,314.11,23.26,32.17,27.72
2001,6,0.113,314.91,22.96,31.92,27.44
2001,7,0.11,315.71,23.48,29.4,26.44
2001,8,0.106,316.27,23.85,25.87,24.86
2001,9,0.104,316.32,25.21,26.58,25.9
2001,10,0.104,316.15,27.71,25.48,26.59
2001,11,0.106,315.91,31.22,22.21,26.71
2001,12,0.106,315.26,33.6,22.06,27.83
2001,13,0.107,314.34,36.94,21.67,29.31
2001,14,0.11,312.82,39.36,25.51,32.44
2001,15,0.114,310.46,39.86,32.71,36.29
2001,16,0.122,307.59,41.04,42.24,41.64
2001,17,0.133,304.9,44.47,49.91,47.19
2001,18,0.143,303.05,46.81,51.04,48.93
2001,19,0.148,302.08,46.57,50.16,48.37
2001,20,0.145,301.19,43,51.06,47.03
2001,21,0.135,300.51,37.06,50.66,43.86
2001,22,0.125,300.39,33.93,45.69,39.81
2001,23,0.118,300.82,35.69,36.86,36.28
2001,24,0.11,300.83,37.58,33.99,35.78
2001,25,0.102,301.24,40.68,28.19,34.43
2001,26,0.098,302.08,45.45,21,33.22
2001,27,0.095,302.94,48.58,15.99,32.29
2001,28,0.089,303.25,47.94,15.41,31.67
2001,29,0.085,303.89,47.77,13.74,30.75
2001,30,0.086,305.48,52.42,7.2,29.81
2001,31,0.088,306.86,57.83,3.02,30.42
2001,32,0.087,307.58,60.6,2.49,31.54
2001,33,0.084,307.48,61.17,4.07,32.62
2001,34,0.08,307.08,59.47,7.97,33.72
2001,35,0.079,307.11,59.62,13.21,36.42
2001,36,0.079,306.95,58.42,17.53,37.98
2001,37,0.076,305.72,48.41,30.67,39.54
2001,38,0.077,305.13,41.18,39.89,40.54
2001,39,0.081,304.57,36.63,44.97,40.8
2001,40,0.087,303.79,32.58,47.91,40.25
2001,41,0.095,302.61,30.66,58.64,44.65
2001,42,0.113,302.24,34.43,61.88,48.15
2001,43,0.136,302.58,41.14,57.61,49.37
2001,44,0.159,303.16,47.54,50.97,49.26
2001,45,0.173,303.67,50.44,47.11,48.78
2001,46,0.179,304.21,51.15,45.53,48.34
2001,47,0.18,304.72,49.61,45.64,47.63
2001,48,0.178,305.37,47.55,44.67,46.11
2001,49,0.173,305.57,44.98,46.11,45.55
2001,50,0.168,306.01,42.32,47.19,44.75
2001,51,0.162,306.89,39.79,46.47,43.13
2001,52,0.154,307.76,37,44.76,40.88
2002,1,0.145,308.65,33.73,44,38.86
2002,2,0.138,309.55,31.06,44.81,37.94
2002,3,0.133,310.84,29.78,44.04,36.91
2002,4,0.129,311.93,29.17,44.02,36.6
2002,5,0.125,312.95,28.94,43.09,36.02
2002,6,0.122,314.14,29.48,39.32,34.4
2002,7,0.119,315.21,30.26,34.46,32.36
2002,8,0.114,315.79,29.79,31.38,30.58
2002,9,0.11,315.78,29.75,33.39,31.57
2002,10,0.107,315.27,30.13,36.8,33.46
2002,11,0.106,315.03,31.01,32.76,31.88
2002,12,0.104,314.26,31.42,32.88,32.15
2002,13,0.105,312.62,33.92,38.32,36.12
2002,14,0.108,310.16,36.71,48.62,42.66
2002,15,0.114,307.22,39.34,57.99,48.66
2002,16,0.124,304.86,42.17,64.1,53.14
2002,17,0.135,302.72,44.81,69.07,56.94
2002,18,0.143,301.24,45.94,69.4,57.67
2002,19,0.148,301.22,45.92,59.36,52.64
2002,20,0.147,301.85,43.94,44.69,44.32
2002,21,0.139,301.55,39.15,40.77,39.96
2002,22,0.126,300.34,33.87,46.42,40.15
2002,23,0.111,299.55,29.49,47.69,38.59
2002,24,0.096,298.86,25.62,49.07,37.35
2002,25,0.084,298.31,25.27,49.65,37.46
2002,26,0.078,298.48,28.95,47.18,38.06
2002,27,0.075,299.49,32.83,41.79,37.31
2002,28,0.075,301.15,36.15,31.85,34
2002,29,0.076,303.01,40.29,20.99,30.64
2002,30,0.073,303.34,41.29,22.28,31.78
2002,31,0.071,303.72,43.04,23.61,33.33
2002,32,0.071,304.53,45.34,21.72,33.53
2002,33,0.071,305.24,47.45,18.96,33.21
2002,34,0.071,305.13,49.17,21.53,35.35
2002,35,0.071,304.61,50.02,30.74,40.38
2002,36,0.074,304.46,51.67,35.49,43.58
2002,37,0.079,304.26,51.09,42.43,46.76
2002,38,0.085,303.29,50.28,56.89,53.58
2002,39,0.095,302.44,52.08,66.25,59.16
2002,40,0.11,301.63,53.76,70.79,62.28
2002,41,0.13,301.14,56.78,73.73,65.25
2002,42,0.153,301.37,60.6,70.12,65.36
2002,43,0.175,301.5,63.4,66.78,65.09
2002,44,0.194,302.14,65.58,58.78,62.18
2002,45,0.207,303.12,66.84,50.76,58.8
2002,46,0.214,304.15,66.82,45.66,56.24
2002,47,0.216,305.13,65.66,43.06,54.36
2002,48,0.212,305.52,63.05,43.84,53.44
2002,49,0.206,305.78,60.3,45.14,52.72
2002,50,0.199,306.49,57.46,44.64,51.05
2002,51,0.19,306.99,53.94,46.28,50.11
2002,52,0.18,307.75,50.58,45.42,48
2003,1,0.17,308.7,46.98,44.32,45.65
2003,2,0.161,310.03,43.48,41.47,42.47
2003,3,0.151,311.61,39.91,37.26,38.58
2003,4,0.142,312.81,36.71,35.22,35.96
2003,5,0.135,313.82,34.47,33.63,34.05
2003,6,0.129,314.69,33.16,32.59,32.87
2003,7,0.124,315.48,33.27,30.47,31.87
2003,8,0.118,315.93,32.87,29.01,30.94
2003,9,0.112,315.24,30.53,39.79,35.16
2003,10,0.108,314.33,29.36,48.5,38.93
2003,11,0.106,313.58,29.83,50.36,40.09
2003,12,0.105,312.55,31.23,51.44,41.33
2003,13,0.105,311.07,33.4,53.39,43.4
2003,14,0.109,308.96,36.43,59.13,47.78
2003,15,0.117,306.22,40.13,65.78,52.95
2003,16,0.128,302.95,43.83,78.18,61
2003,17,0.138,300.5,46.48,84.9,65.69
2003,18,0.15,299.15,50.23,85.37,67.8
2003,19,0.158,298.88,53.56,80.79,67.18
2003,20,0.162,299,55.98,71.87,63.93
2003,21,0.158,298.89,55.26,65.68,60.47
2003,22,0.15,298.58,54.27,61.92,58.1
2003,23,0.142,298.9,55.2,52.99,54.09
2003,24,0.131,299.38,54.71,45.62,50.16
2003,25,0.121,300.25,55.59,36.66,46.13
2003,26,0.112,301.16,56.61,29.42,43.02
2003,27,0.101,301.29,53.99,29.81,41.9
2003,28,0.09,301.25,49.15,31.77,40.46
2003,29,0.081,301.16,45.01,34.99,40
2003,30,0.076,301.56,44.58,34.8,39.69
2003,31,0.078,302.74,48.88,29.74,39.31
2003,32,0.079,303.96,52.19,24.87,38.53
2003,33,0.077,304.99,53.54,20.42,36.98
2003,34,0.077,305.57,55.4,18.37,36.88
2003,35,0.078,306.43,57.86,17.44,37.65
2003,36,0.081,307.97,60.51,11.05,35.78
2003,37,0.081,308.6,53.44,8.99,31.21
2003,38,0.081,308.95,45.78,8.18,26.98
2003,39,0.082,309.05,37.8,7.06,22.43
2003,40,0.082,308.52,28.34,6.74,17.54
2003,41,0.083,308.09,21.7,8.89,15.29
2003,42,0.085,307.45,17.45,15.52,16.48
2003,43,0.09,307.22,15.75,18.94,17.34
2003,44,0.095,306.83,15.23,22.94,19.08
2003,45,0.099,306.28,14.68,28.57,21.62
2003,46,0.101,305.55,14.38,36.78,25.58
2003,47,0.107,304.56,15.91,46.59,31.25
2003,48,0.117,304.28,19.65,51.13,35.39
2003,49,0.13,304.7,25.02,51.66,38.34
2003,50,0.14,305.18,29.38,53.06,41.22
2003,51,0.143,305.48,31.36,56.87,44.12
2003,52,0.143,305.64,31.89,60.8,46.34
2004,1,0.138,305.91,30.53,65.04,47.78
2004,5,0.119,310.2,25.06,70.63,47.85
2004,6,0.114,311.93,23.55,64.27,43.91
2004,7,0.112,313.54,24.83,55.4,40.11
2004,8,0.111,315.05,28.48,42.16,35.32
2004,9,0.113,316.45,33.92,25.57,29.75
2004,10,0.116,317.41,40.52,11.55,26.03
2004,25,0.07,299.85,15.91,39.11,27.51
2004,26,0.072,300.46,24.58,33.49,29.04
2004,27,0.068,299.57,27.05,41.25,34.15
2004,28,0.065,299.1,27.97,46.64,37.31
2004,30,0.056,297.88,26.41,59.25,42.83
2004,31,0.054,298.45,27.24,57.35,42.3
2004,32,0.054,299.5,28.33,53.22,40.78
2004,33,0.056,301.1,30.67,46.52,38.6
2004,34,0.058,302.3,33.93,41.69,37.81
2004,35,0.064,303.81,40.71,36.83,38.77
2004,36,0.07,305.49,46.1,28.3,37.2
2004,37,0.073,305.92,42.78,28.93,35.86
2004,38,0.076,305.94,39.03,32.16,35.59
2004,39,0.081,305.51,35.88,35.57,35.73
2004,40,0.087,304.62,32.76,39.42,36.09
2004,41,0.097,303.54,31.98,49.57,40.77
2004,42,0.112,302.48,33.87,59.97,46.92
2004,43,0.13,301.37,37.7,68.07,52.89
2004,44,0.152,300.42,43.87,72.19,58.03
2004,45,0.177,300.13,52.23,72.2,62.22
2004,46,0.198,300.36,59.77,70.37,65.07
2004,47,0.214,300.81,65.51,69.33,67.42
2004,48,0.225,301.5,69.64,67.66,68.65
2004,49,0.229,302.27,71.77,66.37,69.07
2004,50,0.228,303.41,72.82,64.19,68.5
2004,51,0.224,304.99,72.65,60.26,66.45
2004,52,0.216,306.5,71.59,55.25,63.42
2005,1,0.205,307.75,69.15,52.67,60.91
2005,2,0.193,309.03,65.53,50.97,58.25
2005,3,0.183,310.27,62.07,50.7,56.39
2005,4,0.172,311.23,59.26,52.07,55.66
2005,5,0.163,312.24,57.79,51.6,54.7
2005,6,0.156,313.12,56.82,51.61,54.22
2005,7,0.148,313.62,56.23,54.34,55.28
2005,8,0.138,313.61,53.48,60.75,57.11
2005,9,0.129,313.46,48.99,65.66,57.32
2005,10,0.123,313.32,46.42,63.52,54.97
2005,11,0.121,313.19,46.44,56.53,51.49
2005,12,0.119,312.95,47.54,47.65,47.59
2005,13,0.12,312.23,51.12,42.28,46.7
2005,14,0.123,310.83,54.33,42.7,48.52
2005,15,0.129,308.88,55.38,44.87,50.13
2005,16,0.139,306.53,56.87,50.45,53.66
2005,17,0.153,304.24,61.72,55.18,58.45
2005,18,0.168,302.5,67.09,56.11,61.6
2005,19,0.18,301.14,71.59,59.1,65.34
2005,20,0.188,300.29,75.74,59.08,67.41
2005,21,0.19,300.04,79.3,54.49,66.9
2005,22,0.189,300.08,82.78,48.04,65.41
2005,23,0.183,299.92,84.1,44.04,64.07
2005,24,0.172,299.64,82.7,42.64,62.67
2005,25,0.155,299.36,79.16,41.52,60.34
2005,26,0.139,299.08,75.64,42.27,58.96
2005,27,0.124,298.95,71.33,44.61,57.97
2005,28,0.111,299.03,65.92,46.17,56.05
2005,29,0.101,299.08,61.47,48.45,54.96
2005,30,0.093,299.77,59.34,46.16,52.75
2005,31,0.09,300.54,59.62,43.61,51.61
2005,32,0.088,301.4,61.31,40.9,51.11
2005,33,0.087,302.22,64.07,38.67,51.37
2005,34,0.087,303.1,67.6,35.55,51.58
2005,35,0.089,303.83,71.34,35.96,53.65
2005,36,0.09,304.19,71.85,37.19,54.52
2005,37,0.09,303.83,66.11,46.2,56.16
2005,38,0.092,303.37,59.41,56.42,57.92
2005,39,0.096,302.75,53.19,63.36,58.27
2005,40,0.104,302.25,48.79,64.44,56.62
2005,41,0.117,301.95,47.81,65.68,56.75
2005,42,0.136,301.63,49.76,67.69,58.73
2005,43,0.153,301.59,51.17,66.09,58.63
2005,44,0.167,302.31,51.75,57.68,54.71
2005,45,0.175,303.41,51.24,48.89,50.07
2005,46,0.177,304.55,49.78,43.26,46.52
2005,47,0.176,305.76,47.52,39.38,43.45
2005,48,0.172,307.02,44.89,35.13,40.01
2005,49,0.167,308.41,42.16,29.61,35.89
2005,50,0.16,309.48,38.62,26.31,32.46
2005,51,0.153,310.52,35.39,23.35,29.37
2005,52,0.144,311.57,32,18.9,25.45
2006,1,0.135,312.36,28.44,17.43,22.94
2006,2,0.13,313.2,26.86,16.41,21.64
2006,3,0.125,313.82,25.27,18.53,21.9
2006,4,0.121,314.5,24.27,20.11,22.19
2006,5,0.117,315.34,23.83,19.02,21.43
2006,6,0.114,315.95,23.47,20,21.74
2006,7,0.111,315.9,23.71,26.73,25.22
2006,8,0.108,315.85,24.63,30.8,27.71
2006,9,0.105,315.82,25.31,32.71,29.01
2006,10,0.103,315.4,25.96,35.01,30.48
2006,11,0.104,314.75,28.81,36.21,32.51
2006,12,0.105,314.14,32.42,33.97,33.2
2006,13,0.107,313.17,36.12,32.75,34.43
2006,14,0.11,311.82,39.27,34.01,36.64
2006,15,0.116,309.39,40.63,41.03,40.83
2006,16,0.124,307.02,42.31,46.71,44.51
2006,17,0.138,305.65,48.11,42.9,45.51
2006,18,0.149,304.14,51.59,39.71,45.65
2006,19,0.155,302.9,52.25,41.23,46.74
2006,20,0.155,301.79,50.86,44.66,47.76
2006,21,0.149,301.33,48.78,42.43,45.61
2006,22,0.141,301.14,47.37,38.81,43.09
2006,23,0.13,300.4,45.31,40.14,42.73
2006,24,0.117,299.78,43.24,41.29,42.26
2006,25,0.105,299.3,42.12,41.35,41.73
2006,26,0.09,298.17,38.3,47.9,43.1
2006,27,0.081,297.48,36.27,54.16,45.21
2006,28,0.075,297.29,35.48,57.81,46.64
2006,29,0.075,298.32,39.3,53.17,46.23
2006,30,0.08,300.33,47.44,41.86,44.65
2006,31,0.083,301.8,52.76,35.3,44.03
2006,32,0.082,302.71,55.47,32.8,44.14
2006,33,0.081,303.36,57.16,31.27,44.22
2006,34,0.078,303.3,56.65,34.59,45.62
2006,35,0.078,303.29,57.04,40.42,48.73
2006,36,0.078,303.26,56.06,44.65,50.35
2006,37,0.081,303.55,53.44,48.67,51.06
2006,38,0.086,303.53,50.85,54.96,52.9
2006,39,0.091,302.68,46.73,64.17,55.45
2006,40,0.1,301.53,43.96,72.05,58.01
2006,41,0.116,300.85,45.96,76.7,61.33
2006,42,0.135,300.14,48.82,81.35,65.09
2006,43,0.157,299.37,52.84,84.82,68.83
2006,44,0.18,298.96,57.8,83.37,70.59
2006,45,0.201,299.13,63.49,79.16,71.33
2006,46,0.219,299.59,68.67,75.19,71.93
2006,47,0.231,300.09,72.38,73.47,72.93
2006,48,0.238,300.79,74.37,71.62,72.99
2006,49,0.239,301.9,75.21,68.41,71.81
2006,50,0.235,303.27,74.39,64.87,69.63
2006,51,0.227,304.56,72.32,62.85,67.59
2006,52,0.217,305.85,69.6,59.43,64.52
2007,1,0.206,307.29,67.11,55.57,61.34
2007,2,0.195,308.64,64.47,53.46,58.97
2007,3,0.184,309.79,60.36,54.26,57.31
2007,4,0.172,310.63,56.61,56.88,56.74
2007,5,0.162,311.39,54.21,59.54,56.87
2007,6,0.154,312.39,52.86,58.7,55.78
2007,7,0.147,313.52,53.24,54.38,53.81
2007,8,0.141,314.38,54.06,49.46,51.76
2007,9,0.136,314.72,54.25,47.18,50.71
2007,10,0.131,314.78,54.02,42.71,48.37
2007,11,0.128,314.4,53.45,40.04,46.74
2007,12,0.125,313.61,53.46,39.58,46.52
2007,13,0.124,312.48,54.89,39.47,47.18
2007,14,0.124,310.94,54.69,41.65,48.17
2007,15,0.127,308.95,51.59,44.38,47.98
2007,16,0.132,307.08,49.16,46.1,47.63
2007,17,0.139,305.65,48.26,42.81,45.54
2007,18,0.142,304.1,45.66,40.32,42.99
2007,19,0.145,303.34,44.1,36.83,40.47
2007,20,0.145,302.9,43.36,33.58,38.47
2007,21,0.14,302.33,41.24,32.49,36.87
2007,22,0.134,302.31,41.59,28.09,34.84
2007,23,0.126,302.01,42.57,27.09,34.83
2007,24,0.119,302.02,44.94,25.01,34.98
2007,25,0.111,302.2,47.87,21.25,34.56
2007,26,0.105,302.81,51.24,16.04,33.64
2007,27,0.101,303.71,53.7,11.01,32.36
2007,28,0.097,304.43,54.78,7.42,31.1
2007,29,0.094,305.13,56.06,5.11,30.58
2007,30,0.092,305.62,57.63,5.96,31.79
2007,31,0.086,305.68,56.48,9.99,33.23
2007,32,0.084,306.03,56.87,11.44,34.16
2007,33,0.083,306.39,59.9,10.58,35.24
2007,34,0.083,306.55,62.76,10.82,36.79
2007,35,0.085,306.98,66.79,13.05,39.92
2007,36,0.087,306.95,68.5,16.49,42.5
2007,37,0.091,306.83,66.3,20.45,43.37
2007,38,0.095,306.13,62.48,29.91,46.2
2007,39,0.105,305.38,61.7,36.51,49.1
2007,40,0.118,304.74,60.47,37.93,49.2
2007,41,0.132,304.44,58.17,40.17,49.17
2007,42,0.146,304.44,55.62,41.68,48.65
2007,43,0.157,304.41,52.74,42.18,47.46
2007,44,0.165,304.83,50.08,38.15,44.12
2007,45,0.167,305.44,46.92,34.5,40.71
2007,46,0.167,306.35,44.3,31.58,37.94
2007,47,0.166,307.58,41.82,28.41,35.12
2007,48,0.162,309.08,39.02,23.07,31.04
2007,49,0.157,310.46,36.38,17.3,26.84
2007,50,0.15,311.35,32.64,14.55,23.59
2007,51,0.141,311.85,28.81,14.44,21.62
2007,52,0.135,312.24,26.75,13.89,20.32
2008,1,0.13,312.75,24.82,14.13,19.48
2008,2,0.125,313.4,23.73,14.51,19.12
2008,3,0.123,313.99,24.06,16.76,20.41
2008,4,0.121,314.28,24.77,22.09,23.43
2008,5,0.119,314.57,25.58,27.26,26.42
2008,6,0.117,314.76,25.84,33.42,29.63
2008,7,0.115,315.17,27.84,36.05,31.95
2008,8,0.112,315.61,29.7,34.95,32.33
2008,9,0.109,315.92,30.62,32.51,31.57
2008,10,0.108,316.39,31.95,22.52,27.23
2008,11,0.106,316.62,32.13,13.36,22.74
2008,12,0.104,316.25,31.33,10.97,21.15
2008,13,0.102,315.28,30.51,12.15,21.33
2008,14,0.099,313.78,27.13,16.74,21.93
2008,15,0.098,311.7,22.38,22.85,22.62
2008,16,0.098,309.55,17.62,26.15,21.89
2008,17,0.099,307.44,14.73,26.77,20.75
2008,18,0.102,305.66,13.4,24.16,18.78
2008,19,0.106,304.04,12.7,29.35,21.03
2008,20,0.107,302.55,12.91,37.14,25.03
2008,21,0.106,301.33,13.51,42.33,27.92
2008,22,0.1,300.03,14.06,48.79,31.43
2008,23,0.094,299.31,15.24,49.36,32.3
2008,24,0.087,299.12,18.15,47.11,32.63
2008,25,0.08,299.01,21.35,44.8,33.08
2008,26,0.073,298.59,24.11,46.74,35.42
2008,27,0.066,298.07,24.94,52.06,38.5
2008,28,0.062,298.03,25.13,54.58,39.85
2008,29,0.058,298.31,25.24,54.85,40.05
2008,30,0.056,298.88,27.24,52.58,39.91
2008,31,0.058,299.9,31.24,48.04,39.64
2008,32,0.062,301.58,37.05,40.15,38.6
2008,33,0.067,303.19,43.54,32.32,37.93
2008,34,0.073,304.33,51.09,26.73,38.91
2008,35,0.078,304.83,57.78,28.6,43.19
2008,36,0.082,305.38,62.37,28.2,45.29
2008,37,0.087,305.56,61.97,31.34,46.66
2008,38,0.093,305.26,60.84,38.21,49.52
2008,39,0.101,304.52,58.35,45.28,51.82
2008,40,0.112,303.78,56.02,48.09,52.05
2008,41,0.125,303.25,54,52.35,53.17
2008,42,0.14,302.74,52.75,57.44,55.1
2008,43,0.155,302.87,52.35,55.22,53.78
2008,44,0.168,303.66,52.63,47.14,49.89
2008,45,0.176,304.54,52.7,40.78,46.74
2008,46,0.179,305.4,51.71,37.62,44.66
2008,47,0.179,306.51,49.96,34.92,42.44
2008,48,0.173,307.58,46.34,32.03,39.18
2008,49,0.166,308.65,42.49,28.51,35.5
2008,50,0.157,309.6,38.41,26.12,32.27
2008,51,0.149,310.67,34.95,23.09,29.02
2008,52,0.142,311.82,32.25,17.93,25.09
2009,1,0.135,312.62,29.27,16.24,22.75
2009,2,0.127,313.15,26.37,17.61,21.99
2009,3,0.123,313.89,24.9,18.69,21.79
2009,4,0.119,314.47,24.39,21.27,22.83
2009,5,0.116,314.72,24.25,26.7,25.47
2009,6,0.114,314.66,24.16,35.54,29.85
2009,7,0.112,314.85,26.29,40.49,33.39
2009,8,0.111,315.08,29.29,42.13,35.71
2009,9,0.109,314.71,30.31,49.3,39.8
2009,10,0.109,314.34,33.1,50.3,41.7
2009,11,0.11,314.27,36.51,43.01,39.76
2009,12,0.11,313.69,38.16,39.42,38.79
2009,13,0.108,312.2,38.49,42.51,40.5
2009,14,0.108,310.43,37.21,46.28,41.74
2009,15,0.111,308.69,36.07,46.6,41.34
2009,16,0.118,307.42,36.72,43.69,40.2
2009,17,0.125,305.89,36.61,41.06,38.84
2009,18,0.13,304.9,35.68,32.41,34.04
2009,19,0.133,304.72,34.07,23.01,28.54
2009,20,0.132,304.64,32.25,17.37,24.81
2009,21,0.128,304.71,31.41,11.11,21.26
2009,22,0.122,304.94,31.84,5.74,18.79
2009,23,0.115,305.09,32.73,2.95,17.84
2009,24,0.105,305.21,33.64,2.01,17.83
2009,25,0.096,304.78,34.92,3.1,19.01
2009,26,0.088,304.45,37.25,4.47,20.86
2009,27,0.082,304.43,38.23,5.61,21.92
2009,28,0.077,304.33,38.04,8.09,23.06
2009,29,0.072,303.89,37.56,14.25,25.9
2009,30,0.068,303.61,37.97,20.2,29.09
2009,31,0.067,303.92,39.62,21.99,30.8
2009,32,0.068,304.77,42.3,20,31.15
2009,33,0.07,305.78,46.01,15.19,30.6
2009,34,0.073,307.07,51.21,7.63,29.42
2009,35,0.076,308.34,55.89,3.77,29.83
2009,36,0.078,308.77,57.13,3.37,30.25
2009,37,0.081,308.77,54.27,4.27,29.27
2009,38,0.086,308.55,52.14,7.05,29.59
2009,39,0.093,307.94,49.58,10.77,30.17
2009,40,0.1,306.8,45.1,16.03,30.56
2009,41,0.11,305.46,42.18,29.65,35.92
2009,42,0.123,304.31,40.89,42.77,41.83
2009,43,0.137,303.95,41.41,45.9,43.65
2009,44,0.151,304.21,42.82,42.83,42.83
2009,45,0.16,304.81,43.58,38.84,41.21
2009,46,0.164,305.41,42.89,37.58,40.23
2009,47,0.163,305.86,40.82,38.83,39.83
2009,48,0.157,306.4,37.35,38.95,38.15
2009,49,0.151,307.28,34.22,36.56,35.39
2009,50,0.145,308.44,31.07,33.02,32.05
2009,51,0.139,309.77,28.59,28.65,28.62
2009,52,0.134,310.71,26.4,25.33,25.87
2010,1,0.117,310.84,18.57,29.24,23.91
2010,2,0.11,311.23,15.04,32.87,23.96
2010,3,0.103,311.89,12.13,36.11,24.12
2010,4,0.099,312.6,10.15,38.57,24.36
2010,5,0.094,312.74,7.95,46.18,27.06
2010,6,0.09,312.76,5.85,55.22,30.53
2010,7,0.085,312.65,4.7,65.37,35.03
2010,8,0.083,312.44,4.84,74.83,39.83
2010,9,0.083,312.13,5.76,81.37,43.56
2010,10,0.085,311.94,8.35,79.85,44.1
2010,11,0.088,311.89,12.34,71.68,42.01
2010,12,0.091,311.58,16.92,62.67,39.8
2010,13,0.094,310.61,21.14,58.38,39.76
2010,14,0.098,309.15,24.79,57.94,41.37
2010,15,0.104,307.22,27.38,58.51,42.94
2010,16,0.112,305.65,29.72,58.21,43.97
2010,17,0.118,303.75,30.03,60.25,45.14
2010,18,0.122,302.1,29.53,60.81,45.17
2010,19,0.125,301.34,28.84,58.07,43.46
2010,20,0.123,300.55,26.2,57.57,41.88
2010,21,0.116,299.77,22.88,57.85,40.37
2010,22,0.109,299.5,22.41,53.78,38.1
2010,23,0.1,299.27,22.5,49.67,36.09
2010,24,0.091,299.05,23.07,47.49,35.28
2010,25,0.081,298.78,23.83,46.06,34.94
2010,26,0.07,298.15,23.71,48.94,36.32
2010,27,0.065,298.33,24.96,49.01,36.99
2010,28,0.063,299.49,26.59,42.59,34.59
2010,29,0.061,300.54,27.92,37.4,32.66
2010,30,0.059,301.14,29.5,36.07,32.79
2010,31,0.058,301.69,31.54,35.47,33.51
2010,32,0.059,302.61,34.03,32.85,33.44
2010,33,0.058,302.98,33.25,33.34,33.3
2010,34,0.058,303.47,33.24,32.85,33.04
2010,35,0.057,303.71,32.78,36.84,34.81
2010,36,0.056,303.6,29.15,41.57,35.36
2010,37,0.055,303.63,21.41,47.4,34.41
2010,38,0.056,303.81,16.31,51.62,33.97
2010,39,0.056,303.24,11.42,57.76,34.59
2010,40,0.057,303.24,8.4,53.52,30.96
2010,41,0.061,304.2,7.65,42.59,25.12
2010,42,0.067,305.31,7.33,33.63,20.48
2010,43,0.072,306.36,7.04,25.79,16.42
2010,44,0.077,307.31,6.65,19.41,13.03
2010,45,0.082,308.41,6.87,13.98,10.43
2010,46,0.086,309.7,7.49,10.6,9.04
2010,47,0.089,311.08,7.87,8.07,7.97
2010,48,0.091,312,7.93,6.73,7.33
2010,49,0.093,312.58,7.56,5.67,6.62
2010,50,0.095,313.29,7.33,4.01,5.67
2010,51,0.096,313.99,7.62,2.53,5.07
2010,52,0.097,314.29,7.46,2.05,4.76
2011,1,0.097,314.6,7.51,2.64,5.08
2011,2,0.098,315.05,8.39,3.31,5.85
2011,3,0.099,315.7,9.96,3.83,6.89
2011,4,0.1,316.2,11.25,5.2,8.22
2011,5,0.1,316.65,11.85,7.17,9.51
2011,6,0.099,317.08,12.35,9.22,10.79
2011,7,0.099,317.44,14.11,9.92,12.01
2011,8,0.097,317.6,15.65,9.56,12.6
2011,9,0.096,317.82,17.13,7.16,12.15
2011,10,0.094,317.78,17.63,4.57,11.1
2011,11,0.092,317.36,17,4.5,10.75
2011,12,0.091,316.92,17.54,3.7,10.62
2011,13,0.09,316.28,17.58,2.42,10
2011,14,0.089,315.59,16.41,1.19,8.8
2011,15,0.09,314.59,14.85,0.72,7.79
2011,16,0.09,312.71,11.25,1.35,6.3
2011,17,0.093,310.11,10.33,3.62,6.98
2011,18,0.098,306.79,10.99,12.91,11.95
2011,19,0.103,304.07,11.94,28.85,20.39
2011,20,0.107,302.18,13.97,40.65,27.31
2011,21,0.109,300.9,17.05,46.36,31.71
2011,22,0.107,299.89,20.5,49.68,35.09
2011,23,0.1,298.84,21.07,52.74,36.9
2011,24,0.089,297.66,20.93,57.25,39.09
2011,25,0.08,297.04,22.42,58.01,40.21
2011,26,0.073,297.02,24.69,56.72,40.7
2011,27,0.065,296.71,23.79,60.61,42.2
2011,28,0.06,297.09,23.56,60.19,41.88
2011,29,0.058,297.88,24.54,56.98,40.76
2011,30,0.059,299.1,28.96,50.57,39.76
2011,31,0.062,300.84,34.84,41.5,38.17
2011,32,0.064,301.96,38.19,37.44,37.81
2011,33,0.066,303.28,41.89,31.65,36.77
2011,34,0.068,304.15,45.4,28.16,36.78
2011,35,0.068,304.25,46.26,33.19,39.73
2011,36,0.069,304.35,45.35,36.39,40.87
2011,37,0.071,304.39,41.45,41.57,41.51
2011,38,0.076,304.39,39.17,46.84,43.01
2011,39,0.081,303.87,36.27,52.07,44.17
2011,40,0.088,302.84,33.46,58.23,45.84
2011,41,0.099,302.06,33.1,64.52,48.81
2011,42,0.114,301.45,34.47,69.32,51.89
2011,43,0.131,301.13,37.2,69.89,53.55
2011,44,0.146,301.28,39.57,65.41,52.49
2011,45,0.159,301.66,42.04,61.17,51.6
2011,46,0.167,302.34,43.76,57.39,50.57
2011,47,0.173,303.14,44.55,55.07,49.81
2011,48,0.175,304.31,44.57,50.94,47.76
2011,49,0.175,305.72,44.1,45.57,44.84
2011,50,0.171,306.99,42.31,41.62,41.96
2011,51,0.165,308.2,40.15,38.58,39.36
2011,52,0.159,309.49,38.1,33.31,35.71
2012,1,0.153,310.92,36.69,27.81,32.25
2012,2,0.146,311.88,34.88,26.67,30.77
2012,3,0.141,312.57,33.31,29.24,31.28
2012,4,0.136,313.43,33.1,29.87,31.48
2012,5,0.131,314.15,32.28,30.8,31.54
2012,6,0.126,314.79,31.5,32.29,31.89
2012,7,0.122,315.27,32.18,33.87,33.02
2012,8,0.118,315.8,33.68,31.33,32.51
2012,9,0.116,316.01,35.2,30.26,32.73
2012,10,0.114,316.02,36.33,27.16,31.75
2012,11,0.113,315.99,38.87,21.13,30
2012,12,0.114,315.69,41.77,17.25,29.51
2012,13,0.114,314.96,44.23,15.62,29.92
2012,14,0.114,313.46,44.08,19.76,31.92
2012,15,0.116,311.03,40.89,28.01,34.45
2012,16,0.12,307.94,37.81,39.03,38.42
2012,17,0.128,305.65,38.5,42.68,40.59
2012,18,0.138,304.21,41.59,39.02,40.3
2012,19,0.148,303.5,45.42,35.19,40.3
2012,20,0.153,303.26,49.14,30.27,39.7
2012,21,0.155,303.2,52.69,24.97,38.83
2012,22,0.139,301.43,45.15,36.04,40.59
2012,23,0.129,300.64,44.47,38.42,41.45
2012,24,0.118,300.05,43.89,40.14,42.01
2012,25,0.107,299.21,43.83,43.33,43.58
2012,26,0.096,298.48,43.82,47.34,45.58
2012,27,0.087,298.26,41.99,50.46,46.22
2012,28,0.08,298.65,40.48,49.81,45.15
2012,29,0.075,299.01,39.42,49.76,44.59
2012,30,0.073,299.99,41.83,45.28,43.56
2012,31,0.074,301.09,45.57,40.62,43.1
2012,32,0.076,302.34,49.38,35.66,42.52
2012,33,0.076,303.06,52.3,33.58,42.94
2012,34,0.078,303.79,56.71,31.01,43.86
2012,35,0.082,304.66,62.07,30.12,46.1
2012,36,0.086,305.18,65.87,29.87,47.87
2012,37,0.091,304.91,65.45,36.88,51.17
2012,38,0.099,304.49,66.2,45.43,55.81
2012,39,0.109,303.85,66.14,51.96,59.05
2012,40,0.125,303.27,66.4,53.21,59.8
2012,41,0.143,302.72,66.33,57.65,61.99
2012,42,0.161,302.02,65.35,64.04,64.69
2012,43,0.177,301.83,64.39,64,64.2
2012,44,0.189,301.76,62.98,61.81,62.4
2012,45,0.196,301.88,61.3,59.72,60.51
2012,46,0.199,302.37,59.63,57.26,58.44
2012,47,0.198,303.24,57.2,54.54,55.87
2012,48,0.192,304.42,53.98,50.4,52.19
2012,49,0.186,305.9,50.85,44.67,47.76
2012,50,0.177,307.08,47.34,41.35,44.34
2012,51,0.169,308.29,43.99,38.41,41.2
2012,52,0.16,309.47,41.18,34.14,37.66
2013,1,0.154,310.5,39.56,31.81,35.68
2013,2,0.144,311.73,36,28.93,32.47
2013,3,0.136,312.73,33.01,29.02,31.02
2013,4,0.134,313.65,33.51,28.72,31.11
2013,5,0.128,314.13,31.68,32.06,31.87
2013,6,0.123,314.28,30.8,38.58,34.69
2013,7,0.12,314.25,32,46.13,39.07
2013,8,0.117,313.83,33.75,56.89,45.32
2013,9,0.115,313.05,35.74,69.77,52.75
2013,10,0.115,311.8,38.48,80.58,59.53
2013,11,0.118,309.43,44.42,92.93,68.68
2013,12,0.123,307.21,52.46,96.01,74.24
2013,13,0.134,305.1,65.45,96.82,81.13
2013,14,0.149,303.42,77.54,96.11,86.82
2013,15,0.165,302.45,82.63,91.13,86.88
2013,16,0.174,301.66,81.57,87.22,84.4
2013,17,0.18,301.01,78.34,82.26,80.3
2013,18,0.181,300.62,73.58,74.37,73.97
2013,19,0.179,300.52,69.12,66.27,67.69
2013,20,0.173,300.7,64.2,56.46,60.33
2013,21,0.159,299.97,55.56,56.51,56.03
2013,22,0.141,298.69,46.37,61.11,53.74
2013,23,0.121,297.82,37.49,61.68,49.59
2013,24,0.106,297.22,33.57,61.08,47.33
2013,25,0.094,297.04,32.9,58.5,45.7
2013,26,0.083,296.6,33.31,59.94,46.62
2013,27,0.075,296.25,32.13,63.74,47.93
2013,28,0.068,296.34,30.79,65.36,48.07
2013,29,0.065,297.05,31.4,62.83,47.12
2013,30,0.067,298.5,36.15,54.92,45.55
2013,31,0.071,300.46,42.52,44.22,43.38
2013,32,0.075,302.39,48.31,34.72,41.52
2013,33,0.078,304.01,54.55,26.83,40.68
2013,34,0.08,304.77,58.72,23.81,41.27
2013,35,0.083,305.57,63.35,23.4,43.37
2013,36,0.087,306.35,67.48,21.12,44.3
2013,37,0.091,306.73,65.33,21.56,43.45
2013,38,0.092,306.25,58.72,28.93,43.83
2013,39,0.097,305.26,53.89,37.72,45.81
2013,40,0.106,304.09,50.27,44.7,47.49
2013,41,0.12,302.87,49.47,55.95,52.71
2013,42,0.139,302.09,51.31,63.1,57.21
2013,43,0.16,301.74,54.58,64.47,59.52
2013,44,0.179,301.53,57.5,63.48,60.49
2013,45,0.194,301.82,60.07,60.13,60.11
2013,46,0.202,302.65,60.94,55.36,58.15
2013,47,0.205,303.93,60.6,50.19,55.39
2013,48,0.203,305.16,58.59,45.77,52.18
2013,49,0.197,306.4,55.78,41.09,48.44
2013,50,0.188,307.57,51.92,37,44.46
2013,51,0.176,308.55,46.97,34.52,40.74
2013,52,0.163,309.3,41.97,32.86,37.41
2014,1,0.154,310.21,38.6,33.55,36.08
2014,2,0.145,311.18,35.23,32.99,34.11
2014,3,0.137,312.16,32.28,33.75,33.01
2014,4,0.134,313.29,32.73,31.97,32.35
2014,5,0.128,313.97,30.93,33.78,32.35
2014,6,0.123,314.53,29.58,36,32.79
2014,7,0.119,314.87,29.91,39.02,34.46
2014,8,0.115,314.85,30.36,43.81,37.08
2014,9,0.111,314.69,30.55,47.78,39.16
2014,10,0.108,314.41,30.39,46.58,38.48
2014,11,0.107,314.13,31.22,39.29,35.25
2014,12,0.106,314.16,31.94,29.15,30.54
2014,13,0.106,313.86,33.68,22.95,28.32
2014,14,0.109,313.25,33.92,19.99,26.95
2014,15,0.111,312,31.27,20.32,25.79
2014,16,0.112,310.01,26.78,22.46,24.62
2014,17,0.114,307.8,24.68,23.68,24.18
2014,18,0.116,305.66,23.79,24.57,24.18
2014,19,0.121,303.94,24.84,30.83,27.83
2014,20,0.124,302.79,26.82,35.34,31.08
2014,21,0.123,301.74,28.19,39.12,33.66
2014,22,0.119,300.88,29.58,40.97,35.28
2014,23,0.111,300.52,30.04,38.99,34.52
2014,24,0.101,300.38,29.8,36.9,33.35
2014,25,0.09,300.37,30.46,34.01,32.24
2014,26,0.082,300.26,31.9,33.7,32.8
2014,27,0.073,300.13,31.23,35.87,33.55
2014,28,0.066,299.94,28.93,39.05,33.99
2014,29,0.062,299.96,28.94,41.67,35.32
2014,30,0.063,299.99,32.55,44.57,38.57
2014,31,0.065,300.9,37.47,41.41,39.44
2014,32,0.068,302.07,41.83,36.87,39.35
2014,33,0.07,302.87,46.14,34.75,40.45
2014,34,0.072,303.53,50.36,32.95,41.66
2014,35,0.076,304.08,55.41,34.5,44.96
2014,36,0.08,304.62,58.78,34.42,46.6
2014,37,0.082,304.76,54.9,38.63,46.76
2014,38,0.083,304.14,47.38,49.31,48.35
2014,39,0.087,303.6,42.62,54.71,48.66
2014,40,0.094,303.16,39.11,54.63,46.87
2014,41,0.106,302.77,38.86,57.03,47.95
2014,42,0.124,302.69,41.95,57.56,49.76
2014,43,0.142,302.56,44.77,57.5,51.13
2014,44,0.157,302.76,46.4,54.08,50.24
2014,45,0.168,303.37,47.75,49.21,48.48
2014,46,0.174,304.32,48.06,44.54,46.3
2014,47,0.177,305.44,47.55,41.11,44.33
2014,48,0.175,306.57,45.93,37.6,41.77
2014,49,0.171,307.87,43.52,32.45,37.99
2014,50,0.163,309.17,39.99,27.12,33.56
2014,51,0.154,310.35,36.29,22.54,29.41
2014,52,0.144,311.3,32.25,18.53,25.39
2015,1,0.136,312.19,29.13,18.87,24
2015,2,0.129,313.13,26.46,17.35,21.91
2015,3,0.122,313.96,24.03,18.02,21.03
2015,4,0.121,314.77,25.05,17.99,21.52
2015,5,0.116,315.11,23.12,22.17,22.65
2015,6,0.112,315.51,21.98,25.69,23.83
2015,7,0.109,315.95,22.45,26.57,24.51
2015,8,0.106,315.97,23.23,29.67,26.45
2015,9,0.104,315.55,24.23,36.62,30.42
2015,10,0.103,314.86,25.6,41.36,33.48
2015,11,0.103,313.73,28.3,44.88,36.59
2015,12,0.105,312.23,32.19,48.41,40.3
2015,13,0.109,310.35,38.44,53.07,45.76
2015,14,0.118,308.3,44.5,58.49,51.49
2015,15,0.128,306.13,48.94,63.9,56.42
2015,16,0.139,303.82,51.91,70.36,61.13
2015,17,0.15,302.15,55.37,72.35,63.86
2015,18,0.158,300.85,56.88,71.97,64.43
2015,19,0.164,300.51,58.21,66.1,62.15
2015,20,0.165,300.57,58.27,57.47,57.87
2015,21,0.159,300.46,56.18,51.53,53.86
2015,22,0.149,299.98,53.62,49.47,51.55
2015,23,0.136,299.64,49.92,46.81,48.37
2015,24,0.122,299.92,46.93,41.04,43.98
2015,25,0.11,300.51,46.72,33.66,40.19
2015,26,0.099,300.17,45.8,34.92,40.36
2015,27,0.087,299.34,42.29,41.9,42.09
2015,28,0.077,298.5,37.5,49.73,43.6
2015,29,0.071,298.47,36.06,52.43,44.24
2015,30,0.07,299,38.77,51.41,45.1
2015,31,0.072,299.99,43.23,47.6,45.42
2015,32,0.075,301.5,48.08,40.91,44.49
2015,33,0.078,302.94,53.6,34.63,44.12
2015,34,0.08,303.75,58.67,31.77,45.22
2015,35,0.083,304.15,63.58,34.4,48.99
2015,36,0.087,304.47,66.9,35.86,51.38
2015,37,0.091,305.05,65.51,36.23,50.87
2015,38,0.094,304.89,60.66,42.18,51.42
2015,39,0.1,303.98,56.59,50.94,53.76
2015,40,0.111,302.84,53.95,57.97,55.96
2015,41,0.128,301.63,55.38,68.54,61.96
2015,42,0.153,300.77,60.02,75.16,67.59
2015,43,0.179,300.28,65.11,76.74,70.93
2015,44,0.203,300.21,69.74,73.66,71.7
2015,45,0.222,300.66,73.65,68.28,70.97
2015,46,0.233,301.49,75.47,62.8,69.13
2015,47,0.239,302.29,75.97,60.07,68.02
2015,48,0.239,303.17,75.07,57.52,66.3
2015,49,0.234,304.22,73.49,54.3,63.89
2015,50,0.226,305.14,70.83,52.53,61.68
2015,51,0.215,305.94,66.91,52.54,59.73
2015,52,0.201,306.81,62.54,51.36,56.95
2016,1,0.188,307.72,58.69,52.61,55.65
2016,2,0.176,308.61,54.14,54.18,54.16
2016,3,0.163,309.57,49.22,56.87,53.04
2016,4,0.157,310.7,48.44,57.11,52.77
2016,5,0.149,311.57,46.53,58.59,52.56
2016,6,0.142,312.21,45.17,61.39,53.28
2016,7,0.136,312.65,45.64,65.06,55.35
2016,8,0.131,312.9,46.04,69.01,57.52
2016,9,0.126,312.96,45.84,70.85,58.35
2016,10,0.122,312.86,45.22,66.34,55.78
2016,11,0.118,313.38,43.97,47.95,45.96
2016,12,0.116,313.39,44.33,36.68,40.5
2016,13,0.117,313.31,46.42,27.65,37.03
2016,14,0.12,312.31,47.27,27.22,37.24
2016,15,0.125,310.38,45.26,32.2,38.73
2016,16,0.128,307.96,41.84,38.16,40
2016,17,0.132,305.56,40.98,42.81,41.9
2016,18,0.138,303.81,42.05,42.46,42.25
2016,19,0.143,302.65,42.76,43.53,43.14
2016,20,0.145,302.03,43.13,42.43,42.78
2016,21,0.141,301.55,42.36,40.6,41.48
2016,22,0.134,301.2,41.65,37.89,39.77
2016,23,0.123,300.51,39.77,39.21,39.49
2016,24,0.11,299.57,37.4,43.22,40.31
2016,25,0.097,298.82,35.8,45.4,40.6
2016,26,0.084,298.02,34.41,49.68,42.05
2016,27,0.075,297.29,32.24,56.01,44.13
2016,28,0.067,297.26,30.25,58.37,44.3
2016,29,0.066,298.01,31.77,55.62,43.68
2016,30,0.068,298.98,37.14,51.36,44.24
2016,31,0.072,300.5,43.34,43.83,43.58
2016,32,0.074,301.72,48,38.96,43.47
2016,33,0.076,302.56,52.61,36.71,44.65
2016,34,0.078,303.26,56.43,34.95,45.68
2016,35,0.08,303.93,60.32,35.88,48.09
2016,36,0.083,304.37,62.45,36.62,49.53
2016,37,0.085,304.77,57.75,38.66,48.21
2016,38,0.084,304.63,48.64,44.66,46.65
2016,39,0.085,304.22,41.37,48.58,44.98
2016,40,0.089,303.69,34.42,49.24,41.83
2016,41,0.095,303.46,30.41,50.24,40.32
2016,42,0.105,303.68,30.18,48.62,39.4
2016,43,0.118,304.01,32,45.52,38.75
2016,44,0.129,304.64,32.58,39.67,36.12
2016,45,0.135,305.3,32.69,35.57,34.13
2016,46,0.138,305.98,32,33.86,32.93
2016,47,0.139,306.9,31.05,32.27,31.66
2016,48,0.138,307.71,29.62,30.92,30.27
2016,49,0.136,308.58,28.27,28.25,28.26
2016,50,0.135,309.69,26.94,24.01,25.48
2016,51,0.132,310.77,25.51,19.91,22.71
2016,52,0.127,311.63,23.85,16.47,20.16
2017,1,0.123,312.39,22.69,17.84,20.26
2017,2,0.119,313.11,21.36,18.07,19.71
2017,3,0.116,313.67,20.49,21.2,20.84
2017,4,0.117,314.27,22.79,23.45,23.12
2017,5,0.113,314.4,21.48,30.02,25.75
2017,6,0.11,314.65,20.62,35.51,28.06
2017,7,0.107,314.96,21.24,38.65,29.94
2017,8,0.104,315.27,22.1,39.16,30.63
2017,9,0.102,315.51,22.67,37.56,30.12
2017,10,0.1,315.74,22.67,30.2,26.43
2017,11,0.098,315.89,23.11,20.38,21.75
2017,12,0.098,316.05,24.17,11.66,17.91
2017,13,0.098,315.51,26.35,9.28,17.81
2017,14,0.101,314.72,27.31,8.69,18
2017,15,0.104,313.36,26.1,10.32,18.21
2017,16,0.106,311.13,23.16,13.8,18.48
2017,17,0.11,308.66,23.03,16.28,19.65
2017,18,0.116,306.3,25.16,18.11,21.64
2017,19,0.122,304.81,26.73,21.66,24.19
2017,20,0.124,303.52,26.93,28.1,27.52
2017,21,0.122,302.32,27.48,33.86,30.67
2017,22,0.118,301.36,28.8,37.1,32.95
2017,23,0.11,300.24,29.14,41.78,35.46
2017,24,0.1,299.44,30.04,44.39,37.22
2017,25,0.091,299.03,31.78,44.35,38.06
2017,26,0.082,298.47,32.96,47.01,39.98
2017,27,0.074,298.36,31.99,48.92,40.45
2017,28,0.066,298.35,29.25,50.99,40.12
2017,29,0.062,298.62,29.22,51.64,40.42
2017,30,0.064,299.34,33.48,49.26,41.36
2017,31,0.067,300.1,39.04,47,43.02
2017,32,0.069,301.01,43.62,44.07,43.85
2017,33,0.071,301.17,47.07,46.63,46.85
2017,34,0.073,301.4,51.15,48.57,49.86
2017,35,0.076,302.06,55.66,49.41,52.53
2017,36,0.08,302.59,57.94,49.74,53.84
2017,37,0.082,303.17,54.49,52.13,53.31
2017,38,0.083,303.02,47.28,59.96,53.62
2017,39,0.087,303.01,42.99,60.76,51.87
2017,40,0.095,303.31,39.57,53.19,46.38
2017,41,0.104,303.14,37.33,53.39,45.36
2017,42,0.118,302.91,37.99,55.62,46.81
2017,43,0.134,303.07,40.06,53.36,46.71
2017,44,0.147,303.43,41.13,48.97,45.05
2017,45,0.16,304.24,43.74,43.03,43.39
2017,46,0.168,305.56,45.21,36.49,40.85
2017,47,0.172,306.7,45.32,33.36,39.34
2017,48,0.171,307.67,43.75,31,37.38
2017,49,0.166,308.49,41.15,28.57,34.86
2017,50,0.16,309.45,38.23,25.18,31.71
2017,51,0.153,310.16,35.22,23.67,29.44
2017,52,0.145,310.63,32.24,23.31,27.78
2018,1,0.138,311.28,29.75,25.42,27.59
2018,2,0.13,312.03,26.98,26.06,26.52
2018,3,0.124,312.89,24.53,28.29,26.41
2018,4,0.123,313.87,25.8,26.67,26.23
2018,5,0.118,314.23,24.27,28.77,26.52
2018,6,0.115,314.63,22.98,34.1,28.54
2018,7,0.111,314.92,23.34,38.14,30.74
2018,8,0.108,314.82,23.67,41.81,32.74
2018,9,0.105,314.48,23.63,49.82,36.73
2018,10,0.103,314.15,24.36,54.05,39.21
2018,11,0.104,312.93,27.14,53.8,40.47
2018,12,0.105,311.37,31.46,56.19,43.83
2018,13,0.11,308.71,38.58,66.83,52.7
2018,14,0.12,305.49,45.83,79.82,62.82
2018,15,0.132,303.13,51.76,86.8,69.28
2018,16,0.145,301.25,56.61,89.94,73.27
2018,17,0.157,299.98,60.06,90.92,75.49
2018,18,0.165,299.07,61.8,89.39,75.6
2018,19,0.172,298.87,63.88,83.03,73.46
2018,20,0.173,299.02,64.36,72.96,68.66
2018,21,0.167,298.65,62.18,68.88,65.53
2018,22,0.158,298.2,60.71,65.25,62.98
2018,23,0.147,298.27,58.57,57.75,58.16
2018,24,0.133,298.66,55.96,50.28,53.11
2018,25,0.121,299.16,54.97,43.09,49.02
2018,26,0.109,299.45,53.52,39.43,46.47
2018,27,0.097,299.65,49.91,38.99,44.44
2018,28,0.087,300,45.67,38.42,42.03
2018,29,0.082,301.34,44.74,31.49,38.1
2018,30,0.08,302.71,47.41,25.66,36.53
2018,31,0.081,303.42,51.22,25,38.1
2018,32,0.082,304.02,55.06,24.78,39.91
2018,33,0.083,303.86,59.23,28.49,43.85
2018,34,0.084,303.12,62.98,36.44,49.7
2018,35,0.087,303.01,67.86,42.66,55.26
2018,36,0.091,303.45,71.18,43.38,57.28
2018,37,0.093,303.63,68.51,48.14,58.33
2018,38,0.095,303.29,61.68,57.31,59.49
2018,39,0.099,303.16,55.55,59.11,57.33
2018,40,0.107,302.83,50.32,57.96,54.14
2018,41,0.117,302.55,46.96,59.06,53.01
2018,42,0.13,302.8,45.52,56.44,50.98
2018,43,0.143,302.84,45.03,55.17,50.09
2018,44,0.155,303.05,44.87,51.75,48.31
2018,45,0.163,303.54,44.61,47.87,46.24
2018,46,0.166,304.01,43.67,46.43,45.05
2018,47,0.168,304.53,43.04,46.44,44.74
2018,48,0.168,305.12,41.92,45.86,43.89
2018,49,0.167,306.02,40.87,43.14,42
2018,50,0.164,306.96,39.7,40.58,40.14
2018,51,0.154,308.02,35.26,37.7,36.48
2018,52,0.146,308.94,32.24,34.92,33.58
2019,1,0.138,309.89,29.72,35.39,32.56
2019,2,0.131,310.98,27.2,34.01,30.61
2019,3,0.125,312.13,24.87,33.42,29.14
2019,4,0.124,313.49,26.11,29.45,27.78
2019,5,0.119,314.33,24.47,29.62,27.04
2019,6,0.115,314.97,23.25,31.1,27.18
2019,7,0.111,315.46,23.53,31.98,27.76
2019,8,0.108,315.75,23.7,32.2,27.95
2019,9,0.104,316.02,23.76,29.95,26.86
2019,10,0.102,316.24,23.51,23.02,23.26
2019,11,0.1,316.44,23.84,13.7,18.77
2019,12,0.099,316.49,24.81,7.37,16.09
2019,13,0.1,315.88,27.15,6.21,16.68
2019,14,0.104,314.76,28.9,8.37,18.63
2019,15,0.108,313.3,28.75,10.71,19.73
2019,16,0.112,311.18,26.99,13.32,20.15
2019,17,0.117,308.66,27.85,16.25,22.05
2019,18,0.123,306.24,29.08,18.65,23.86
2019,19,0.13,304.47,32.26,25.12,28.69
2019,20,0.136,302.88,36.34,34.2,35.27
2019,21,0.137,301.63,39.33,40.03,39.68
2019,22,0.134,300.72,41.84,42.52,42.18
2019,23,0.125,299.97,41.75,43.67,42.71
2019,24,0.113,299.52,40.23,43.42,41.82
2019,25,0.103,299.88,40.83,37.66,39.24
2019,26,0.095,300.34,42.96,32.92,37.94
2019,27,0.085,300.08,41.35,35.66,38.5
2019,28,0.077,299.59,37.96,41.2,39.57
2019,29,0.072,299.7,37.23,43.26,40.24
2019,30,0.071,300.02,39.63,44.15,41.9
2019,31,0.071,300.81,42.9,41.93,42.42
2019,32,0.072,301.78,46.18,38.9,42.54
2019,33,0.074,302.25,49.69,39.22,44.46
2019,34,0.074,302.36,52.58,41.78,47.18
2019,35,0.076,302.61,55.9,45.58,50.74
2019,36,0.079,302.85,57.1,48.02,52.56
2019,37,0.079,303.04,51.16,53.53,52.34
2019,38,0.078,302.92,41.92,61.33,51.63
2019,39,0.079,302.71,34.37,64.3,49.33
2019,40,0.081,302.9,27.18,57.92,42.55
